,id,parent_statement_code,results,del_by_models,state,create_user,create_time,modify_user,modify_time,del_stat
0,1667,1095110110000006,"{乘客=[援助者, 志愿者], 其他服务提供者=[精神抚慰者, 导师, 培训师, 营养师, 社会工作者, 信息提供者, 法律援助者, 情感支持者], 就诊患者=[康复治疗师, 照护者, 理疗师, 健康指导员, 心理咨询师, 护理人员], 顾客=[陪护者, 保育员, 服务员, 家政工]}","[文化传承者, 生活辅导员, 康复治疗师, 传授者, 接待员, 保育员, 援助者, 服务员, 导师, 培训师, 营养师, 社会工作者, 护理人员, 陪护者, 健身教练, 法律援助者, 教育者, 向导, 照护者, 教练, 专业顾问, 精神抚慰者, 理疗师, 咨询者, 健康指导员, 心理咨询师, 信息提供者, 志愿者, 家政工, 情感支持者]",,system_user,2024-03-31 19:41:16,system_user,2024-03-31 19:41:16,0
1,1668,1095110120000007,"{other 1=[援助者, 供应人, 供应者, 给付者], other 2=[担保人, 调解员], 代理中介=[代理人, 协调者], 服务员=[提供者, 志愿者, 辅导者], 治疗医师=[救助者, 专家, 执行者, 施行者], 法律顾问=[顾问]}","[帮忙者, 侍者, 中介人, 实施者, 传授者, 提供者, 专家, 策划者, 援助者, 护理员, 供应人, 协调者, 顾问, 代理人, 调解员, 辅导者, 施行者, 贡献者, 救助者, 帮手, 教练, 师傅, 执行者, 组织者, 担保人, 供应者, 助手, 志愿者, 服务生, 给付者]",,system_user,2024-03-31 19:41:50,system_user,2024-03-31 19:41:50,0
2,1669,109511031000000c,"{other 1=[], 下属员工=[负责对象, 管理对象群], 被执行人员=[领导受众, 管理受众]}","[管理层面, 管理受众, 管理对象, 直接管辖, 负责人员, 领导层面, 管辖成员, 指挥个体, 负责对象, 领导受众, 直接下属, 管辖范畴, 管理层级, 负责对象群, 负责群体, 直接领导, 领导对象群, 领导全体, 管理对象群, 直接管理, 负责管理层, 管理群体, 管辖员工, 领导成员, 领导范畴, 管理范畴, 领导对象, 管理全体, 管理成员, 管辖人员, 负责个体]",,system_user,2024-03-31 19:42:39,system_user,2024-03-31 19:42:39,0
3,1670,1095110320000000,"{上级领导=[团长, 指挥官, 处长, 主导者, 行政主管, 首脑, 管理者, 负责人, 主持者, 理事, 理事长, 司长, 组织者, 领导, 科长, 部门主管, 统筹人, 决策者, 主管, 秘书长, 总监, 主任, 经营人], 其他管理角色=[调控者], 其他责任角色=[组织者, 经营人], 执法人员=[责任者, 权威人士, 队长, 支配者, 校长, 掌权者]}","[指挥官, 处长, 主导者, 首脑, 负责人, 责任者, 理事, 领导, 科长, 决策者, 支配者, 掌权者, 主管, 团长, 行政主管, 管理者, 主持者, 权威人士, 理事长, 司长, 组织者, 队长, 部门主管, 统筹人, 调控者, 校长, 秘书长, 总监, 主任, 经营人]",,system_user,2024-03-31 19:43:12,system_user,2024-03-31 19:43:12,0
4,1671,1095110430000004,"{合作伙伴=[协同者, 协同执行者, 相互支持者, 共同行动者]}","[合作代表, 共事者, 同事, 协作伙伴, 伙伴, 联合行动者, 合作成员, 互惠合作者, 配合同伴, 共同工作者, 相互支持者, 协作方, 合作执行者, 同行者, 共同行动者, 协同者, 协同执行者, 同人, 共同推进者, 协作代表, 联席执行者, 协作成员, 合作同人, 合作方, 协作同人, 共同参与者, 合作协同者, 协作者, 共同促进者, 合作方略]",,system_user,2024-03-31 19:43:34,system_user,2024-03-31 19:43:34,0
5,1672,1095110510000005,"{其他1=[演员导演, 启蒙者师傅, 武者教头, 徒弟师傅, 指引者舵手], 其他2=[谋士智囊], 学生学徒=[追随者导师, 学徒艺术指导, 学生教师, 门徒精神导师, 弟子师长, 学习者技能传授者, 研究生学术导师, 学员指导者, 创业生企业导师, 晚辈长者, 学员培训师, 选手教练]}","[教授研究生, 师长弟子, 导师门生, 追随者导师, 下属领导, 培训师学员, 演员导演, 健身教练会员, 导师追随者, 学徒艺术指导, 领导下属, 师傅启蒙者, 学生教师, 会员健身教练, 启蒙者师傅, 技能传授者学习者, 导演演员, 门徒精神导师, 教头武者, 老板学徒, 学习者技能传授者, 教师学生, 创业生企业导师, 学员培训师, 指挥士兵, 长者晚辈, 选手教练, 精神导师门徒, 指引者舵手, 咨询者生涯规划师, 学术导师研究生, 旅行者向导, 士兵指挥, 学徒老板, 教练选手, 企业导师创业生, 向导旅行者, 指导者学员, 顾问求助者, 弟子师长, 武者教头, 新手专家, 求助者顾问, 徒弟师傅, 生涯规划师咨询者, 谋士智囊, 学员指导者, 舵手指引者, 晚辈长者, 智囊谋士, 艺术指导学徒, 师傅徒弟, 研究生学术导师, 专家新手]",,system_user,2024-03-31 19:44:19,system_user,2024-03-31 19:44:19,0
6,1673,1095110520000006,"{指导教师=[导师, 向导, 引导者, 教练, 带领者, 启发者, 带路人, 引路人, 辅导者, 教师], 智慧支持=[智囊], 组织领导=[长辈, 组织者, 导航员, 领袖]}","[牵头人, 带领者, 专家, 策士, 牵头者, 负责人, 智囊, 长辈, 导师, 顾问, 指路人, 领路人, 辅导者, 教师, 领袖, 策划人, 向导, 引导者, 教练, 启发者, 带路人, 发端者, 组织者, 主管人, 导航员, 创立者, 先进, 引路人, 始创者, 开创者]",,system_user,2024-03-31 19:44:59,system_user,2024-03-31 19:44:59,0
7,1674,1095110730000000,"{伴侣关系=[伴侣], 夫妻=[婚配双方, 婚姻搭档, 结缘双方, 配对夫妻, 配偶搭档, 配偶双方, 婚姻伙伴, 夫妻配偶, 婚约双方, 成婚双方, 婚姻双方, 夫妻搭档, 夫妻伙伴, 夫妻双方], 姻亲=[联姻双方, 联姻对象], 婚姻当事人=[婚姻当事人]}","[婚配双方, 结亲双方, 结合双方, 结婚对象, 伉俪, 结缘双方, 配偶搭档, 配偶伙伴, 婚姻双方, 夫妻搭档, 配偶者, 夫妻伙伴, 联姻对象, 夫妻双方, 婚姻伴侣, 婚姻搭档, 配侣, 配偶, 婚配对象, 联姻双方, 配对夫妻, 婚姻伙伴, 配偶双方, 婚约双方, 成婚双方, 伴侣, 结婚双方, 婚姻对象, 夫妻配偶]",,system_user,2024-03-31 19:45:43,system_user,2024-03-31 19:45:43,0
8,1675,1095110810000001,"{other 1=[加入家庭的孩子, 养父母所养, 领养的孩子, 领养儿, 加入家庭者, 家庭子女], other 2=[收养的孩子, 收养儿子, 收养女儿, 收养子, 收养的女儿, 收养儿童, 收养孩子, 法定收养的孩子, 收养关系下的孩子, 收养对象, 收养关系中的子女], other 3=[养育子女, 抚育的孩子, 抚养的孩子, 养抚对象, 抚育对象, 抚养对象, 抚养子女, 抚养法定的孩子], 养子养女=[领养的孩子, 收养的儿子, 养父母所养, 收养子, 收养的女儿, 养育子女, 抚育的孩子, 抚养的孩子, 养抚对象, 收养孩子, 法律上认定的孩子, 抚育对象, 养父母之子, 抚养对象, 养子女, 关系下的子女, 法定收养的孩子, 收养关系下的孩子, 收养儿童, 抚养子女, 法定抚养的孩子, 领养子女, 领养的子女, 法定的子女, 法定子女, 领养儿, 加入家庭者, 抚养法定的孩子, 收养关系中的子女, 收养对象, 法律意义上的子女, 家庭子女]}","[加入家庭的孩子, 新接纳的家庭成员, 领养的孩子, 女儿, 养育的孩子, 家庭收养者, 养父母之女, 家庭新增成员, 新加入的家庭孩子, 家庭抚育的孩子, 法定的孩子, 收养法定的孩子, 抚养的子女, 关系中的子女, 养父母所养, 收养子, 待收养者, 家庭新子女, 收养的女儿, 待领养者, 抚育的孩子, 养育子女, 养抚对象, 收养孩子, 家庭成员, 法定收养的孩子, 家庭抚养者, 收养儿童, 领养的子女, 法定子女, 父母的孩子, 法定的子女, 领养儿, 加入家庭者, 抚养法定的孩子, 法律意义上的子女, 家庭子女, 养父母的孩子, 领养对象, 领养的儿子, 收养子女, 家庭新成员, 收养的儿子, 领养父母的孩子, 新家庭成员, 法律子女, 收养的孩子, 法律上的孩子, 子女, 儿子, 抚养的孩子, 法律上认定的孩子, 抚育对象, 养父母之子, 抚养对象, 养子女, 关系下的子女, 收养关系下的孩子, 抚养子女, 法定抚养的孩子, 领养子女, 收养关系中的子女, 收养对象, 新加入的家庭成员]",,system_user,2024-03-31 19:46:55,system_user,2024-03-31 19:46:55,0
9,1676,1095110820000002,"{养父养母=[领养父母, 养育父母, 收养父母, 抚育父母], 领养相关主体=[领养家庭, 领养主体, 收留主体, 法定收养者, 收养者, 教养者, 抚育者, 抚养人, 领养人, 领养方, 法律收养人]}","[养育主体, 领养父母, 收容主体, 教养人, 领养主体, 领养方, 抚育主体, 收容者, 收养者, 收养家庭, 养育人, 抚育人, 抚育父母, 养育者, 领养人, 法律收养人, 领养家庭, 收留主体, 养育父母, 抚育家庭, 法定收养者, 养育家庭, 收留者, 收养父母, 教养者, 收养主体, 抚养主体, 抚育者, 抚养人]",,system_user,2024-03-31 19:47:24,system_user,2024-03-31 19:47:24,0
10,1677,1095120110000007,"{other 1=[栖身之所, 养老地, 定居点], other 2=[宗教场所], 学校宿舍=[学者的书斋], 家庭住址=[居住社区, 居住地, 出生地, 居所, 住宅区, 固定居所, 常年住处], 工作地点=[治所], 度假酒店=[], 隔离场所=[]}","[修行之地, 办公地点, 生活场所, 居民区, 居住地, 住宅区, 运动员的训练营, 学者的书斋, 停留地, 乐手的排练室, 户籍所在地, 安家之处, 养老地, 居住社区, 修行所, 固定居所, 训练基地, 常年住处, 作家的写作角落, 居所, 学习场所, 个人宅邸, 寓所, 作坊, 宗教场所, 艺术家的工作室, 栖身之所, 出生地, 定居点, 治所]",,system_user,2024-03-31 19:47:57,system_user,2024-03-31 19:47:57,0
11,1678,109512021000000a,"{other 1=[探亲地点, 购物商场, 志愿服务地, 交友场所], other 2=[活动场所, 就医地点, 实习地点], 参会地点=[商务洽谈地, 会议场所, 出差地点], 就餐饭店=[婚宴酒店], 游览景点=[旅游目的地, 毕业旅行地, 摄影取景地, 个人度假村, 艺术馆所, 娱乐场所, 宗教场所, 考察场所]}","[文化遗址, 研究地点, 旅游目的地, 摄影取景地, 毕业旅行地, 志愿服务地, 个人度假村, 娱乐场所, 考察场所, 出差地点, 研究所访, 运动场地, 探亲地点, 购物商场, 学习场所, 婚宴酒店, 商务洽谈地, 健身中心, 艺术馆所, 修养居所, 宗教场所, 会议场所, 工作场所, 活动场所, 交友场所, 就医地点, 实习地点, 徒步路线终点]",,system_user,2024-03-31 19:48:36,system_user,2024-03-31 19:48:36,0
12,1679,1095120310000000,"{交通=[穿越的交通枢纽, 驶过的道路], 其他=[驶过的运动场所, 走遍的乡村, 漫游的景区, 步过的公园], 地理特征=[跨越的山脉, 行经的沙漠, 途径的森林, 走遍的丘陵, 穿行的山谷, 经过的平原, 漫游的草原], 城市与区域=[路过的城市, 经过的区域, 途径的省份, 经过的商业区, 行经的住宅区, 途径的地点], 文化与教育=[途径的历史文化名地, 路过的文教区, 经过的旅游景点], 水域=[横穿的河流, 航行过的海域, 穿越的湿地], 自然生态=[行经的生态保护区, 途中的岛屿], 路过地点=[驶过的运动场所, 途径的历史文化名地, 途径的工业区, 穿越的交通枢纽, 途中的岛屿, 走遍的乡村, 穿越的湿地, 路过的文教区, 漫游的景区, 行经的沙漠, 穿越的省份, 跨越的山脉, 途径的森林, 经过的商业区, 行经的生态保护区, 经过的旅游景点, 航行过的海域, 行经的住宅区, 横穿的河流, 路过的城市, 驶过的道路, 漫游的草原, 步过的公园, 经过的区域, 走遍的丘陵, 途径的地点, 穿行的山谷, 经过的平原, 行经之处]}","[途径的历史文化名地, 穿越的交通枢纽, 路过的文教区, 行经的沙漠, 穿越的省份, 经过的商业区, 行经的住宅区, 横穿的河流, 驶过的道路, 步过的公园, 经过的区域, 走遍的丘陵, 途径的地点, 穿行的山谷, 驶过的运动场所, 途径的工业区, 途中的岛屿, 走遍的乡村, 穿越的湿地, 漫游的景区, 跨越的山脉, 途径的森林, 行经的生态保护区, 经过的旅游景点, 航行过的海域, 路过的城市, 漫游的草原, 经过的平原, 行经之处]",,system_user,2024-03-31 19:49:17,system_user,2024-03-31 19:49:17,0
13,1680,1095120410000003,"{建设公共设施=[建设娱乐设施, 搭建展览馆, 筑就文化中心, 打造行政中心, 打造休闲胜地], 建设基础设施=[建设医疗设施, 搭建交通枢纽, 打造信息中心, 构筑商贸中心, 建设工业基地], 建设房屋=[建设开发, 建立生活区, 规划住宅区, 建造楼阁, 打造地基], 建设环境=[建设绿化带, 规划功能区, 规划旅游区, 营造居住环境, 营造商业圈, 营造艺术区], 建设综合体=[打造园区, 筑造场所, 创建地标]}","[创立科技园区, 构筑体育场馆, 建设医疗设施, 规划功能区, 构筑商贸中心, 成立基地, 构筑建筑群, 建立生活区, 营造居住环境, 打造行政中心, 打造地基, 建造楼阁, 营造艺术区, 规划住宅区, 创设教育园区, 建设绿化带, 建设娱乐设施, 搭建交通枢纽, 打造信息中心, 搭建展览馆, 建设开发, 规划旅游区, 筑就文化中心, 打造休闲胜地, 搭建园区, 建设工业基地, 筑造场所, 创立研究机构, 创建地标, 营造商业圈]",,system_user,2024-03-31 19:49:51,system_user,2024-03-31 19:49:51,0
14,1681,1095120510000006,"{地理关系=[地缘, 领地, 所属地区], 宅基地=[土地, 产业地, 所属地块, 使用地块, 所属地区], 空间占有=[地方, 所在地, 地域, 占领区域, 领域, 活动区域], 自有房屋=[居所, 私有领地, 根据地, 所属居住区, 权属地], 领土所有权=[所有地, 占有地, 所属领地, 地盘, 使用地, 管辖地域]}","[居住区, 产业地, 居住地, 占领区域, 地缘, 所有地, 占有地, 户籍地, 所属地块, 所属居住区, 权属地, 家园, 控制区, 使用地, 地界, 土地, 地方, 所在地, 地域, 居所, 领域, 活动区域, 私有领地, 根据地, 地盘, 所属领地, 使用地块, 领地, 所属地区, 管辖地域]",,system_user,2024-03-31 19:50:20,system_user,2024-03-31 19:50:20,0
15,1682,109512071000000c,"{other 1=[], 管辖区域=[地域维持, 地域经办, 地域实施, 地域监督, 监管地域, 地域照料, 地域主持, 地域施行, 地域打理, 地域治理, 区域管理, 地域运营, 地域责任, 管理范围, 地域运作, 地域管控, 地域掌舵, 地域经管, 治理区域, 地域执行, 场地负责]}","[地域维持, 地域调度, 地域把持, 地域经办, 地域实施, 地域监督, 监管地域, 领土掌管, 地域施行, 地域主持, 地域打理, 地域照料, 地域治理, 区域管理, 地域运营, 地域责任, 辖区内地, 管理范围, 地域运作, 地域管控, 地域掌舵, 地域经管, 治理区域, 地域执行, 场地负责, 负责地块]",,system_user,2024-03-31 19:50:53,system_user,2024-03-31 19:50:53,0
16,1683,1095120810000002,"{效力范围=[效力范围, 效力场所], 维护区域=[维护区域]}","[联络地点, 实践区域, 常去场所, 办公地点, 活动据点, 居住地, 实践场所, 影响区域, 专业领域, 主要地区, 负责区域, 所属社区, 操作现场, 活动区, 核心地带, 生活圈, 居住地点, 效力场所, 工作场所, 使用区域, 注册地, 学习地点, 活动范围, 业务区域, 主要活动地, 所属省份, 停留地域, 扎根地区, 所在城市]",,system_user,2024-03-31 19:51:22,system_user,2024-03-31 19:51:22,0
17,1684,1095130110000008,"{制造过程=[创作内容, 设立目标, 绘制蓝图, 制定路线, 构建案例, 建筑架构], 发起活动=[成立项目, 设立奖项, 创建事务, 创立制度], 引发事件=[构思设计, 制定标准, 编制方案, 研发产品]}","[构思策略, 发起运动, 编制方案, 制定规章, 创建事务, 创立制度, 构思设计, 拟定议题, 撰写报告, 绘制蓝图, 制定路线, 设立奖项, 发起讨论, 提出概念, 开办企业, 建筑架构, 构建案例, 制定计划, 提出议题, 安排活动, 设计流程, 研发产品, 组织会议, 设立目标, 成立项目, 创立公司, 制定标准, 打造平台, 创作内容, 编程软件]",,system_user,2024-03-31 19:51:54,system_user,2024-03-31 19:51:54,0
18,1685,109513021000000b,"{other 1=[], 参加活动=[加入计划, 参与决策, 参与策划, 参与筹备], 完成事项=[承担职责, 实施行动, 投入工作], 执行任务=[承担任务, 负责执行, 执行职责]}","[承担职责, 参与运作, 实施行动, 加入讨论, 投入工作, 参与策划, 进行沟通, 执行职责, 协同作业, 着手改进, 着手进行, 负责执行, 加入计划, 参与决策, 亲临现场, 具体实施, 主动介入, 参与项目, 开展调查, 承担任务, 着手解决问题, 着手处理, 直接介入, 参与实施, 执行协议, 执行操作, 进行协调, 负责安排, 参与筹备]",,system_user,2024-03-31 19:52:23,system_user,2024-03-31 19:52:23,0
19,1686,1095130310000001,"{other 1=[执行措施, 处理事务], 上报事件=[], 下发事件=[], 办结事件=[解决事件], 移交事件=[]}","[承担职责, 推进工程, 完成使命, 承担业务, 落实措施, 负责活动, 实施调整, 处理事务, 执行措施, 贯彻政策, 履行义务, 着手事项, 执行任务, 实施计划, 采纳建议, 评审案例, 执行命令, 决议问题, 执行流程, 组织会议, 安排事项, 通过方案, 管理项目, 策划方案, 执行操作, 进行协调, 解决事件, 开展行动, 布置作业, 落实工作]",,system_user,2024-03-31 19:52:49,system_user,2024-03-31 19:52:49,0
20,1687,1095130410000004,"{抽检事件=[审核事件, 检视业务], 监控事件=[看管事务, 照管项目], 监管操作事件=[监管操作, 被统筹工作], 督办事件=[过问业务, 管理事件], 被管控措施集合=[被管控措施], 被管理事件=[被管理活动, 被管理行动, 被管理措施, 被管理措施, 被监管项目, 被监督任务, 被控制活动, 被监察流程]}","[监督任务, 负责事项, 统筹工作, 评估事务, 被管理行动, 检视操作, 负责作业, 被管控措施, 管理措施, 过问业务, 调控工程, 被管辖事务, 监管操作, 检视业务, 监察流程, 被监管项目, 负责流程, 被控制活动, 照管项目, 协调整合, 主理事项, 管理活动, 看管事务, 被管理活动, 考察活动, 管理行动, 审核事件, 监督措施, 被统筹工作, 负责行动, 管辖事务, 负责工程, 审查案例, 监管项目, 被考察活动, 被监督措施, 被管理措施, 管理事件, 被调控工程, 被监督任务, 控制活动, 管控措施, 被监察流程]",,system_user,2024-03-31 19:53:28,system_user,2024-03-31 19:53:28,0
21,1688,1095140110000009,"{构思类=[构思品, 构思实体, 构想物], 艺术类=[艺术设计, 创作实体, 造型设计], 规划类=[规划产品], 设计稿=[设计实体, 设计项目, 设计单元, 设计作品, 设计实例, 设计制品]}","[设计实体, 设计单元, 艺术设计, 构想物, 构思实体, 创造物, 设计实例, 制作项, 打造对象, 制品, 原创设备, 创造产品, 设计品, 建造物, 设计项目, 创作物品, 发明物, 构建设备, 研发成果, 创作实体, 创制件, 设计制品, 构思品, 设计作品, 创造品, 造型设计, 创造项, 规划产品]",,system_user,2024-03-31 19:53:58,system_user,2024-03-31 19:53:58,0
22,1689,109514021000000c,"{other 1=[装置, 景观], other 2=[材料, 金属, 陶瓷, 家具, 制品, 工艺品], 生产产品=[衣物, 材料, 金属, 首饰, 建筑, 陶瓷, 器具, 家具, 物品, 设备, 制品, 配件, 机械, 结构, 器件, 装备, 织物, 工具], 绘制作品=[书籍], 雕刻作品=[雕像, 工艺品]}","[创造设备, 衣物, 材料, 金属, 器具, 构造建筑, 图稿, 烧制陶瓷, 物品, 刻画雕像, 程序, 编制程序, 机械, 结构, 模型, 器件, 装备, 织物, 工艺品, 铸就工具, 建筑, 家具, 搭建结构, 绘制图案, 拼接装置, 配件, 抛光制品, 雕像, 撰写书籍, 合成材料, 熔铸金属, 打造家具, 组装机械, 装置, 制作器件, 首饰, 图案, 创立装置, 制品, 设备, 打造物品, 构建装备, 精制首饰, 书籍, 裁剪衣物, 矿石, 塑造模型, 营造景观, 工具, 陶瓷, 研磨器具, 锻造合金, 编织织物, 熔炼矿石, 景观, 合金, 印刷图稿, 雕琢工艺品, 加工配件]",,system_user,2024-03-31 19:54:36,system_user,2024-03-31 19:54:36,0
23,1690,1095140310000002,"{other 1=[通讯设备使用, 健身器材锻炼, 化妆品涂抹, 娱乐设施享受, 烹饪用具烹饪, 游戏设备娱乐, 园艺工具栽培], other 2=[测量工具测量, 音乐器材演奏, 维修工具修理, 体育器材练习, 导航设备导航], 办公用品消耗=[办公设备处理, 学习用品利用], 医用耗材=[医疗设备配合], 吸烟=[], 喝酒=[], 日用品消耗=[饮食用品消耗, 清洁工具打扫, 洗涤用品清洗, 个人护理品应用, 家居用品使用], 燃料消耗=[]}","[测量工具测量, 施工机械操作, 电子产品操作, 通讯设备使用, 健身器材锻炼, 交通工具驾驶, 家居用品使用, 清洁工具打扫, 体育器材练习, 医疗设备配合, 导航设备导航, 饮食用品消耗, 化妆品涂抹, 衣物穿着, 工具操控, 绘图工具绘制, 娱乐设施享受, 洗涤用品清洗, 个人护理品应用, 办公设备处理, 音乐器材演奏, 维修工具修理, 烹饪用具烹饪, 游戏设备娱乐, 园艺工具栽培, 学习用品利用, 绘画材料创作]",,system_user,2024-03-31 19:55:09,system_user,2024-03-31 19:55:09,0
24,1691,1095140410000005,"{个人收藏与爱好=[个人收藏, 独有装饰品], 个人资产=[个人珠宝, 个人交通工具, 个人户外装备, 私有财产, 所属物品, 个人运动器材, 个人服饰, 私有车辆, 私人绘画作品, 个人厨具, 个人图书, 独享玩具, 私人电子产品, 拥有的艺术品, 独自家具], 独有物品=[专有宠物, 独有工具, 独有园艺工具, 独有器械, 专有设备], 私有股份=[拥有的投资品, 拥有的古董, 拥有的收藏品, 私有文献, 拥有的纪念品, 私有乐器]}","[专有宠物, 独有园艺工具, 个人珠宝, 个人交通工具, 个人户外装备, 独有器械, 私有财产, 所属物品, 拥有的古董, 私有文献, 个人服饰, 私有乐器, 私有车辆, 私人绘画作品, 个人图书, 专有设备, 私人电子产品, 拥有的艺术品, 独自家具, 拥有的投资品, 独有工具, 个人收藏, 个人手工制品, 拥有的收藏品, 个人运动器材, 独有装饰品, 拥有的纪念品, 个人厨具, 独享玩具]",,system_user,2024-03-31 19:55:45,system_user,2024-03-31 19:55:45,0
25,1692,109514061000000b,"{other 1=[管理生产物料, 管理组件, 管理产品], other 2=[管理研发物品, 管理项目物品], 管理库存=[管理库存商品], 管理文件=[管理资料], 管理设备=[管理信息技术设备], 管理资产=[管理零部件, 管理办公用品, 管理实验设备, 管理备品备件, 管理艺术品, 管理固定资产], 被管理物品=[管理物资, 管理动物, 管理植物, 管理消耗品, 管理收藏品, 管理教学物品, 管理器材, 管理安全装备, 管理娱乐设施, 管理医疗设备, 管理项目物品, 管理产品, 管理组件, 管理生产物料, 管理工具, 管理交通设备, 管理通讯工具, 管理展示品, 管理研发物品, 管理体育用品]}","[管理部件, 管理动物, 管理备品备件, 管理艺术品, 管理植物, 管理消耗品, 管理器材, 管理医疗设备, 管理项目物品, 管理库存商品, 管理人员, 管理交通设备, 管理通讯工具, 管理展示品, 管理研发物品, 管理体育用品, 管理资料, 管理物资, 管理信息技术设备, 管理办公用品, 管理实验设备, 管理收藏品, 管理教学物品, 管理安全装备, 管理娱乐设施, 管理产品, 管理组件, 管理生产物料, 管理工具, 管理固定资产]",,system_user,2024-03-31 19:56:17,system_user,2024-03-31 19:56:17,0
26,1693,1095140710000001,"{保养的乐器=[保养的乐器], 保养的设备=[保养的机器, 保养的实验仪器, 保养的健身器械], 保养的车辆=[], 维护的医疗设备=[维护的医疗设备], 维护的监控设备=[维护的监控设备], 维护的硬件设备=[维护的摄影器材, 维护的音响设备, 维护的电脑, 维护的通讯设备], 维护的软件=[]}","[保养的机器, 关照的玩具, 维护的音响设备, 护理的珠宝, 照看的宠物, 照料的游戏机, 照料的游艇, 维护的电脑, 照料的植物, 保养的实验仪器, 保养的健身器械, 保养的办公设备, 检修的机械, 管理的书籍, 维护的通讯设备, 护理的乐器, 照看的模型, 维护的摄影器材, 管理的自行车, 照看的艺术品, 关照的古董, 照料的工具, 监护的藏品, 关照的家电, 管理的园艺用品]",,system_user,2024-03-31 19:56:53,system_user,2024-03-31 19:56:53,0
27,1694,1095140810000004,"{感知目标相关=[注意目标, 目击目标, 觉察目标, 识别目标, 传感实体, 感受客体, 注意焦点, 感知客体, 注视物品, 领略对象, 传感目标, 审视之物, 感受目标, 体验实体, 感受物品, 洞察能量, 洞见之物, 目击对象, 觉察之物, 体验目标, 目击之物, 注意物品, 传感物品, 审视对象, 体验之物, 领略目标, 领略物品, 观察对象, 识别物品, 识别对象], 被检测人员=[], 购物意向考虑=[]}","[注意目标, 目击目标, 感受客体, 注视物品, 领略对象, 传感目标, 体验实体, 感受物品, 目击对象, 觉察之物, 体验目标, 目击之物, 传感物品, 观察对象, 识别物品, 识别对象, 觉察目标, 识别目标, 注意焦点, 感知客体, 审视之物, 感受目标, 洞见之物, 洞察能量, 注意物品, 审视对象, 体验之物, 领略目标, 领略物品, 传感实体]",,system_user,2024-03-31 19:57:27,system_user,2024-03-31 19:57:27,0
28,1695,109515011000000a,"{创办企业=[公司, 企业], 建立组织=[组织, 俱乐部, 联盟, 研究所, 机构], 成立协会=[社团, 学会, 同盟, 协会, 基金会], 组建委员会=[委员会]}","[学会, 创建学会, 同盟, 创设机构, 俱乐部, 创建联盟, 联盟, 企业, 协会, 建立公司, 委员会, 设立协会, 成立社团, 组织, 创办学会, 建立同盟, 创立基金会, 基金会, 组建团队, 成立企业, 开办企业, 设立团队, 集团, 创设公司, 组织学会, 成立研究所, 建立机构, 成立委员会, 建立集团, 设立企业, 创建社团, 组建公司, 创办集团, 组织集团, 公司, 社团, 组建联盟, 组织企业, 创办基金会, 团队, 研究所, 机构, 成立俱乐部, 创建企业]",,system_user,2024-03-31 19:58:02,system_user,2024-03-31 19:58:02,0
29,1696,1095150210000000,"{被管理的组织=[管辖下的团队, 受管理的部门, 管理的机构, 管理的部门, 管理的分支机构, 管理的公司, 管理的集团, 管理的企事业, 管理的团队, 管理的公司实体], 负责的组织实体=[负责的单位, 负责的组织, 负责的机构, 负责的组织实体, 领导的单位, 负责的办公室, 负责的子公司]}","[管辖下的团队, 掌舵的企业, 领导的部门, 组织的监管者, 受管理的部门, 负责的单位, 管理的机构, 负责的集团, 率领的团体, 管理的团体, 领导的企业, 管理的部门, 负责的组织, 负责的机构, 管理的分支机构, 管理的公司, 掌管的集体, 管理的集团, 调控的机构, 负责的分公司, 管辖的企业, 管理的企事业, 管理的团队, 领导的单位, 管理的公司实体, 负责的办公室, 负责的子公司]",,system_user,2024-03-31 19:58:30,system_user,2024-03-31 19:58:30,0
30,1697,1095150310000003,"{other 1=[组织归属, 集团分支, 组织分支], other 2=[组织成员, 社团成员, 团体成员], other 3=[公司旗下, 机构旗下, 企业所属], other 4=[归属组织, 团体归属, 所属团体], 工作单位=[公司部门, 机构部门, 企业部门, 公司组成部分], 隶属组织=[所属企业, 集团成员, 归属组织, 注册团体, 组织成员, 团体部门, 公司旗下, 组织归属, 集团分支, 社团成员, 机构旗下, 纳入团体, 机构隶属, 企业所属, 所属团体, 组织分支, 团体成员, 组织部门, 团体归属]}","[所属企业, 归属组织, 公司旗下, 集团分支, 机构旗下, 机构隶属, 企业部门, 所属团体, 加盟公司, 所在机构, 注册单位, 团体成员, 集团成员, 注册团体, 公司部门, 机构部门, 组织成员, 团体部门, 组织归属, 公司职员, 机构员工, 社团成员, 公司组成部分, 纳入团体, 企业所属, 企业分支, 组织分支, 任职单位, 组织部门, 团体归属]",,system_user,2024-03-31 19:59:03,system_user,2024-03-31 19:59:03,0
31,1698,1095150410000006,"{授权组织=[认证授权机构, 补贴授权组织, 期权授予公司], 称号赋予单位=[头衔赋予组织], 荣誉获得者=[勋章授与单位, 奖项颁布机构]}","[合同甲方, 认证授权机构, 职位任命者, 许可发放者, 决策授权人, 权利赋予实体, 勋章授与单位, 职权赋予人, 奖项颁布机构, 义务承担主体, 补贴授权组织, 合同签约主体, 荣誉称号授与人, 项目授权发起人, 版权赋予者, 权限授予方, 协议授权方, 责任赋予者, 福利发放主体, 专利授权人, 奖状颁发机构, 居间介绍人, 任务指派单位, 股权分配者, 资质认定者, 会员身份授予者, 奖学金设立者, 头衔赋予组织, 期权授予公司]",,system_user,2024-03-31 19:59:34,system_user,2024-03-31 19:59:34,0
32,1699,1095150510000009,"{借调单位=[受援机构, 联系团体], 兼职单位=[就业单位, 供职组织], 响应机构=[响应组织], 服务对象=[服务对象], 服务组织=[咨询组织, 保障机构, 辅导机构, 服务团体, 接待团体, 接待单位]}","[联系团体, 合作组织, 任职公司, 关照团体, 贡献对象, 助力组织, 服务团体, 互助组织, 隶属机构, 就业单位, 代理机构, 受援机构, 接待团体, 协助单位, 挂靠单位, 辅导机构, 指导单位, 互动组织, 支持组织, 保障机构, 联系单位, 合约单位, 委托组织, 响应组织, 供职组织, 接待单位, 合作单位, 咨询组织]",,system_user,2024-03-31 20:00:04,system_user,2024-03-31 20:00:04,0
33,1700,109522011000000a,"{区位所在=[区位所在], 所属区域=[地域归属, 所处地块, 所在地区, 所属地段, 区块归属]}","[地理区域, 区域所属, 领域范畴, 地域划分, 地块所属, 所属版图, 地域范畴, 区域范畴, 地域范畴内, 版图范畴, 地块归属, 地形归属, 地理区位, 地形类别, 地理位置, 地域归属, 所处地块, 地表区域, 地段划分, 位置区块, 所属地段, 区块归属, 版图归属, 所属地形, 所属领域, 区位范畴, 所在地区, 占地范畴, 地段范畴]",,system_user,2024-03-31 20:00:30,system_user,2024-03-31 20:00:30,0
34,1701,109522012000000b,"{other 1=[], 内部区域=[主动片区, 主动区块, 主动区域, 主动地域, 主动范围], 内部地点=[主动占地, 主动地块, 主动场地], 部分路段=[主动领地, 主动领土]}","[主动占地, 主动地块, 主要地段, 主要领地, 主要地域, 核心地带, 主导区域, 隶属地区, 所属地块, 主体区域, 主动属地区, 主动领土, 主要界域, 主动场地, 主动区块, 主要地盘, 主动范围, 主要辖地, 主要场所, 主管区域, 主动片区, 主要领土, 主动领地, 主场域, 主动区域, 主动地域, 主力地块, 管辖地域]",,system_user,2024-03-31 20:00:58,system_user,2024-03-31 20:00:58,0
35,1702,1095220230000002,"{交叉路口=[], 其他互联=[地联网络], 接壤区域=[地物互联, 地脉相连], 相邻辖区=[地域互通], 起点终点=[]}","[地缘通道, 地界联接, 地网交织, 地接关节, 地域互通, 地脉相连, 地端相扣, 地脉交织, 地堡互联, 地接区域, 地联网络, 地盘交界, 地缘纽带, 地缘相接, 地通节点, 地联接点, 地面衔接, 地角相连, 地界节点, 地块接合, 地联板块, 地界通道, 地物互联, 地端纽带, 地联区间, 地脉通道, 地界相邻, 地理交汇, 地际通道]",,system_user,2024-03-31 20:01:27,system_user,2024-03-31 20:01:27,0
36,1703,1095220330000005,"{上下左右的地点=[交织的地域, 共面的空间], 东南西北的地点=[交汇的地域], 相互渗透的空间=[相互渗透的地域, 融合的空间]}","[毗邻的场地, 互通的地面, 同向的地块, 共边的场所, 相互依托的区域, 交汇的地域, 共面的空间, 并列的地理, 相连的地带, 融合的空间, 交织的地域, 相邻的地域, 联合的版图, 交错的区域, 互为视角的地点, 交叉的地理, 相互渗透的地域, 互相穿过的地带, 互动的地块, 共享的边界, 并排的区块, 互邻的地段, 对望的土地, 对应的区域, 相接的版图, 彼此毗邻的地段, 协同的区块, 彼此交界的场所, 相隔的地面]",,system_user,2024-03-31 20:01:59,system_user,2024-03-31 20:01:59,0
37,1704,1095220410000006,"{被承载地点=[场地, 落地点, 承载基地, 所在位置, 使用地块]}","[基础场所, 落地点, 核心空间, 占据地域, 地理依托, 基础用地, 重点区域, 据点, 主导区位, 根本区域, 根据地, 容纳区域, 地域核心, 空间基础, 主要据点, 根据地盘, 关键区位, 重要阵地, 中心地带, 承载基地, 场地, 所在位置, 依托空间, 使用地块, 活动范围, 基础范围, 依托场所, 关键区域, 主体地段]",,system_user,2024-03-31 20:02:26,system_user,2024-03-31 20:02:26,0
38,1705,1095220420000007,"{地面基座=[地面基座], 承载区域=[地面承接, 支撑地面, 承托地面, 地面载体]}","[地面支撑, 负载板块, 承重域, 承接地带, 支撑地面, 承重地面, 基座区域, 承载板块, 接地区域, 载地区域, 承托地面, 承载带, 承重板块, 承接地块, 地面承接, 地面承载区, 地面载体, 基地区域, 负载域, 负载地带, 基座地带, 承载域, 支撑板块, 支撑域, 负载地, 支撑地, 支撑带, 承托地]",,system_user,2024-03-31 20:02:54,system_user,2024-03-31 20:02:54,0
39,1706,109524011000000c,"{other 1=[], 上下左右的物品=[地周边的物品], 东南西北的物品=[], 紧邻的物品=[地面附近的物品], 远处的物品=[地理中心的物品]}","[地面上固定的物品, 地面以下的隐藏物, 地面上的构筑物, 与地相连的物品, 地理中心的物品, 地面附近的物品, 地面上散布的物品, 地下的宝藏, 地周边的物品, 地面上的布局, 地面上的装置, 地面上的人工物品, 土地上的物品, 地表的物品, 地下的物品, 地上的标记物品, 土壤中的物品, 地面上的自然物品, 土地使用中的物品, 地平面上的物品, 地下的设施, 地下的矿藏, 依附于地的物品, 地面的装饰品, 地面上突出的物品, 地界线上的物品, 地表面覆盖的物品, 地下的化石]",,system_user,2024-03-31 20:03:38,system_user,2024-03-31 20:03:38,0
40,1707,1095240210000002,"{停留的车辆=[], 培育的植物=[培育的苗圃, 生长的树木, 养护的园林], 存放的资源=[存放的货物, 埋藏的宝藏, 埋设的管线], 安装的设备=[安装的雕塑, 固定的塔架], 建造的场所=[开垦的农田, 建造的房屋], 摆放的物品=[放置的标识, 搭建的帐篷]}","[规划的园区, 流淌的河流, 培育的苗圃, 栖息的鸟儿, 分布的矿区, 铺设的道路, 埋设的管线, 安装的雕塑, 种植的作物, 建造的工厂, 设立的基站, 挖掘的矿井, 存放的货物, 放置的标识, 架设的桥梁, 生长的树木, 埋藏的宝藏, 开垦的农田, 驻扎的土地, 固定的塔架, 养护的园林, 游弋的鱼群, 搭建的帐篷, 形成的湖泊, 建造的房屋]",,system_user,2024-03-31 20:04:11,system_user,2024-03-31 20:04:11,0
41,1708,1095240310000005,"{other 1=[], 加油的车辆=[], 照料的老人=[照料的老人], 维修的设备=[], 美化的景观=[美化的景观]}","[供气的用户, 养护的植被, 烹饪的食材, 制冷的食品, 连接的网络, 扫描的文件, 通讯的终端, 配送的包裹, 照明的场所, 供暖的住宅, 打印的文档, 供给的能源, 剪辑的视频, 导航的行人, 运输的货物, 储存的数据, 润滑的零件, 保养的机械, 供水的农田, 融资的企业, 充电的设备, 烘干的衣物, 教育的学生, 净化的水源, 清洁的环境, 保护的文物]",,system_user,2024-03-31 20:04:41,system_user,2024-03-31 20:04:41,0
42,1709,1095330110000001,"{其他从属元素=[分支任务, 子流程项], 其他流程关系=[从属业务流程, 从属事件流], 父任务=[从属活动群, 从属步骤, 从属任务集, 从属实施事项, 子事务, 从属案例节点, 从序事项, 从属活动节点, 内嵌事务, 次级流程, 依附事项, 下级事件, 从属行动, 从环节, 从属事件, 从属事件组], 父流程=[从属项目, 从属操作, 从属操作序列, 从属案例, 从属业务流程, 从属事件流, 子业务流程]}","[从属活动群, 从属案例, 从属任务集, 从属实施事项, 从序事项, 内嵌事务, 相依事件, 次级流程, 依附事项, 隶属于主事件, 从环节, 从属事件流, 子业务流程, 从属事件组, 从属活动, 从属步骤, 从属项目, 从属操作, 从属操作序列, 子事务, 从属案例节点, 分支任务, 从属活动节点, 子流程项, 下级事件, 从属行动, 从属业务流程, 从属于核心活动, 从属事件]",,system_user,2024-03-31 20:05:16,system_user,2024-03-31 20:05:16,0
43,1710,1095330120000002,"{其他从属关系=[], 子任务=[从事项, 隶属事件], 子流程=[组成部分, 附属于]}","[分支事务, 从属活动, 子环节, 从属步骤, 衍生事项, 次级事务, 附属于, 从属操作, 从属案例, 内含事务, 子议题, 子事务, 从事项, 从属子项, 嵌套事务, 卫星事项, 从属事件, 从属片段, 子过程, 依附事项, 子模块, 从链事务, 子活动, 隶属事件, 组成部分, 从属任务, 依赖事务, 下级事务]",,system_user,2024-03-31 20:05:42,system_user,2024-03-31 20:05:42,0
44,1711,1095330210000004,"{other 1=[...], 根本原因事件=[根本原因事件, 动因源头, 根本动力事件, 源起事件, 原发性动因], 直接原因事件=[引发事件, 动因事件, 原发性事件], 间接原因事件=[驱动因素, 主要动因事件, 主要驱动事件]}","[引发事件, 原发性事件, 激发事件, 关键引发因素, 原发性动因, 动因源头, 主要动因事件, 关键动因, 基础动因, 根本动力事件, 源起事件, 推进事件, 源事件, 直接催发事件, 基础引发事件, 核心触发事件, 先决条件事件, 主导因素, 触发动因, 诱导事件, 核心因素, 驱动因素, 直接影响事件, 催生事件, 动因事件, 先导事件, 起始事件, 启动事件, 主要驱动事件]",,system_user,2024-03-31 20:06:21,system_user,2024-03-31 20:06:21,0
45,1712,1095330220000005,"{结果事件=[直接影响], 诱因事件=[核心诱因, 直接诱因]}","[主要动力, 影响核心, 主导推动, 效应发动者, 首发因素, 关键推动, 源头事件, 作用起点, 主动因素, 发端, 起始因素, 主导因素, 根本原因, 起因, 先导因素, 直接诱因, 效果起点, 关键动因, 起效点, 作用源, 首因, 原发事件, 根本动力, 核心诱因, 影响起点, 原因事件, 直接影响, 动因, 效应根源]",,system_user,2024-03-31 20:06:46,system_user,2024-03-31 20:06:46,0
46,1713,1095330330000009,"{other 1=[活动串联], 前置审批节点=[], 后序审批节点=[], 并行任务=[交错进行事项, 过程交织], 并行进程=[连续事件流]}","[相互衔接活动, 阶段并行事件, 协同进行活动, 同步执行事务, 迭代演进事项, 序列相连事件, 相互影响事件, 时间继起事项, 步骤对应事务, 次第展开事务, 过程交织, 活动串联, 交错进行事项, 并行推进活动, 环节连贯事务, 循环往复事件, 互动环节, 同时发生事件, 交互联动事件, 并列事件, 连续事件流, 环节递进, 时序相邻事务, 连锁反应事件, 周期同步事件, 相继发生事件, 顺序实施事项, 递进事件, 逐项进行活动]",,system_user,2024-03-31 20:07:12,system_user,2024-03-31 20:07:12,0
47,1714,1095340110000002,"{互动与实践=[装载的互动, 包罗的实践, 展示的实践, 包容的实践], 发生的事件=[覆盖的演练, 涵盖的步骤, 涉及的过程, 包含的进程, 负责的作业, 呈现的境遇, 装载的互动, 承载的案例, 涵盖的活动, 容纳的事件], 承载的职责=[负责的作业, 承担的挑战, 承担的任务, 职责的范畴, 负责的事务], 记载的事件=[承载的案例, 涵盖的活动, 容纳的事件, 涉及的操作, 包容的运作, 装载的动作, 容纳的工程, 承担的流程, 关涉的实况, 承担的任务, 对应的环节, 展现的场景, 包含的行为, 映射的事宜, 展示的实践, 包容的演出, 装载的实绩, 负责的事务, 包罗的考验, 对应的实例], 过程与步骤=[涵盖的步骤, 涉及的过程, 包含的进程, 包容的进程]}","[涵盖的步骤, 涉及的过程, 呈现的境遇, 承载的案例, 作用的情节, 包容的运作, 承担的流程, 容纳的工程, 装载的动作, 承担的挑战, 关涉的实况, 承担的任务, 职责的范畴, 包含的行为, 装载的实绩, 覆盖的演练, 包含的进程, 负责的作业, 装载的互动, 涵盖的活动, 容纳的事件, 包罗的实践, 涉及的操作, 对应的环节, 展现的场景, 映射的事宜, 展示的实践, 包容的演出, 负责的事务, 包罗的考验, 对应的实例]",,system_user,2024-03-31 20:07:55,system_user,2024-03-31 20:07:55,0
48,1715,1095340210000005,"{促进协作与协调的机制=[增进团队协作的途径, 促进协调的机制], 提高效率与效果的途径=[提高准确性的手段, 优化用户体验的手段, 增强效果的手段, 提高响应速度的途径, 加快速度的助力, 推进发展的因素, 促进进展的要素, 提升客户满意度的方法, 加强项目管理的方式, 增强竞争力的因素, 维护稳定的要素], 辅助记录的事件=[]}","[增强适应性的条件, 增进团队协作的途径, 增强效果的手段, 促进协调的机制, 加快速度的助力, 推进发展的因素, 促进进展的要素, 加强项目管理的方式, 维护稳定的要素, 改善环境的行动, 优化用户体验的手段, 保障数据安全的措施, 支持执行的要素, 提升效益的方法, 增加可靠性的元素, 增强竞争力的因素, 保障安全的措施, 实现目标的条件, 优化流程的要素, 优化配置的依据, 保证质量的组件, 支持运行的资源, 保障实施的准则, 提高准确性的手段, 提升效率的工具, 提高响应速度的途径, 提升客户满意度的方法, 降低成本的措施, 助力创新的元素]",,system_user,2024-03-31 20:08:34,system_user,2024-03-31 20:08:34,0
49,1716,1095340310000008,"{other 1=[影响的标的, 影响对象], other 2=[作用项, 作用的标的], 受损的物品=[影响的成分, 影响的元素, 影响的物体, 影响要素, 影响项, 影响的关键物, 影响物, 影响单元, 影响成分, 影响对象], 波及的物品=[作用的元素, 作用对象, 作用物, 作用的成分, 作用项, 作用的标的, 作用物品, 作用单元, 作用的要素]}","[影响的成分, 影响的物体, 相关的物品, 影响的标的, 作用的实体, 作用的物体, 关联的物品, 作用物, 作用的物品, 作用项, 作用的依托, 作用的标的, 影响单元, 作用的要素, 影响的元素, 影响项, 作用的关键物, 影响要素, 作用的元素, 作用的必备品, 作用对象, 作用的成分, 影响的必备品, 影响成分, 影响对象, 影响的关键物, 影响的依托, 作用物品, 影响物, 作用单元]",,system_user,2024-03-31 20:09:07,system_user,2024-03-31 20:09:07,0
50,1717,1095440110000005,"{整体=[基本元素, 内在要素, 基础单元, 关键部件, 核心要素, 基础成分, 基础要素, 功能单元, 核心部分, 结构单元, 构成要素, 主要部分, 组成部分, 组织成分, 组成模块]}","[关键部件, 核心要素, 基础成分, 基础要素, 相依模块, 重要组成, 构成要素, 主要部分, 组织成分, 基本元素, 内在要素, 基础单元, 隶属构件, 主体构件, 基础模块, 功能单元, 核心部分, 功能模块, 结构单元, 主体部分, 组成部分, 必要模块, 相依元素, 结构成分, 组成模块]",,system_user,2024-03-31 20:09:35,system_user,2024-03-31 20:09:35,0
51,1718,1095440120000006,"{主导因素=[主导因素, 主导实体], 基础构成=[主导元素, 核心单位, 基础单位], 核心部件=[核心部件]}","[基础事物, 核心物体, 主要构成, 主导实体, 主体要素, 基础要素, 主体成分, 主体部件, 基础构件, 基础单位, 基础实体, 核心事物, 主要元素, 主体构件, 关键部分, 主体单位, 核心成分, 核心构件, 主导元素, 核心单位, 基础物体, 基础组件, 主体物, 主要物体]",,system_user,2024-03-31 20:09:59,system_user,2024-03-31 20:09:59,0
52,1719,109544023000000a,"{元素相连=[元素相连], 实体连接物品=[构件互通, 实体相互链接, 物件互连], 虚拟连接物品=[]}","[元件对接, 元素交合, 部件交联, 物体融合, 单元交合, 单元融合, 构件互通, 设施联动, 组件联动, 设备互接, 对象对接, 器件互联, 部件对接, 单元耦合, 物体间互联, 结构联合, 实体相互链接, 元件耦合, 组件协同, 设备互联, 模块互链, 部件融合, 组件互链, 模块对接, 结构互扣, 单元链接, 物件互连, 机械互扣]",,system_user,2024-03-31 20:10:29,system_user,2024-03-31 20:10:29,0
53,1720,1095440330000000,"{other 1=[], 上下左右的物品=[纵横交错的物品], 东南西北的物品=[异向摆放的物品], 远处的物品=[], 邻近的物品=[]}","[伴生的物品, 同向排列的物品, 间隔的物品, 遥相呼应的物品, 疏松分布的物品, 互隔的物品, 紧密排列的物品, 异向摆放的物品, 交叉的物品, 互邻的物品, 并排的物品, 对应的物品, 相邻的物体, 对角的物品, 环绕的物品, 交错的物品, 包容的物品, 相互独立的物品, 纵横交错的物品, 嵌套的物品, 层叠的物品, 均衡分布的物品, 协同布局的物品, 齐平的物品, 侧翼的物品, 交错并置的物品, 对面的物品, 交融的物品]",,system_user,2024-03-31 20:11:01,system_user,2024-03-31 20:11:01,0
54,1721,1095440510000004,"{动作与过程相关=[聚焦目标, 对象, 关注点, 检测到的物质, 聚焦的物体, 分辨目标], 探测到的物品=[探查目标, 读取到的物品, 可视物, 扫描目标, 感知到的物品, 目击对象, 探查到的物品, 关注的物品, 感应物, 感知目标, 感应的物品, 发现物, 观察到的物品, 跟踪的物品, 感应到的实体, 识别对象, 检测目标, 关注物, 发现的物品, 监测到的物品, 识别的实物, 扫描对象, 读取对象, 分辨出的物品, 目视到的物体, 关注的物体, 焦点物品, 感应目标, 观测到的实物, 目击物, 观测目标, 目标物, 察看到的物品, 留意目标, 分辨目标, 关注目标, 监测目标, 目击的物体, 感知物, 识别的对象], 观察与交互对象=[目标, 注视对象, 留意到的物品, 焦点, 注意对象, 观测对象, 关注对象, 寻找目标, 跟踪对象, 观察对象, 寻找到的物品, 察看对象, 受关注物, 重点物品, 关注目标], 识别与分辨相关=[识别目标, 目视对象, 监测到的物品, 察看到的物品]}","[读取到的物品, 可视物, 物体, 扫描目标, 注意对象, 观测对象, 信息载体, 关注的物品, 物品, 聚焦目标, 关注点, 感知目标, 发现物, 观察对象, 感应的物品, 寻找到的物品, 观察到的物品, 识别对象, 跟踪对象, 感应到的实体, 关注物, 识别目标, 发现的物品, 聚焦的物体, 扫描对象, 读取对象, 关注的物体, 受关注物, 感应目标, 观测目标, 目标物, 分辨目标, 关注目标, 感知物, 识别的对象, 探查目标, 目标, 注视对象, 留意到的物品, 焦点, 感知到的物品, 目击对象, 探查到的物品, 感应物, 对象, 关注对象, 寻找目标, 扫描到的物体, 检测到的物质, 跟踪的物品, 注视的物体, 目视对象, 检测目标, 监测到的物品, 识别的实物, 分辨出的物品, 目视到的物体, 受监测物, 察看对象, 焦点物品, 观测到的实物, 目击物, 实体, 重点物品, 受检物, 实物, 察看到的物品, 留意目标, 监测目标, 目击的物体]",,system_user,2024-03-31 20:12:19,system_user,2024-03-31 20:12:19,0
55,1722,1095440520000005,"{探测设备=[嗅探器, 红外线感应器, 磁感器], 监护设备=[监护器]}","[定位器, 电子眼, 感应器, 侦测器, 读取器, 密度计, 光电管, 观察器, 扫描器, 追踪器, 测距仪, 振动检测器, 识别器, 嗅探器, 红外线感应器, 监护器, 探测仪, 遥测装置, 流量计, 分析仪, 收信机, 热像仪, 辐射探测器, 监测器, 声纳, 分析器, 雷达, 磁感器]",,system_user,2024-03-31 20:12:45,system_user,2024-03-31 20:12:45,0
56,1723,1095520110000006,"{other 1=[组织阵地, 组织活动地, 组织落脚点], other 2=[团体常驻地, 团体据点], 办公地点=[企业阵地, 机构据点, 活动据点, 企业据点, 单位常驻地, 单位据点, 单位基地, 单位所在地, 机构驻扎地, 组织据点, 机构驻点, 机构所在地, 团队阵地, 部门根据地, 公司据点, 团队据点, 团体据点], 注册地点=[机构基地, 团体常驻地, 机构活动地, 组织阵地, 组织活动地, 常驻地点, 组织落脚点]}","[企业阵地, 机构据点, 企业据点, 团体常驻地, 机构活动地, 单位常驻地, 组织阵地, 机构驻扎地, 组织活动地, 企业驻点, 常驻地点, 组织据点, 机构驻点, 驻扎基地, 机构所在地, 组织落脚点, 团队阵地, 机构基地, 活动据点, 单位所在地, 团队常驻地, 公司所在地, 单位据点, 单位基地, 部门根据地, 公司据点, 团队据点, 集体驻点, 公司阵地, 团体据点]",,system_user,2024-03-31 20:13:22,system_user,2024-03-31 20:13:22,0
57,1724,1095520210000009,"{建设地点=[建设地点, 建造区域, 构建区域, 建设地块, 建设空间, 建设场所, 建设区域, 建设范围, 建设领地], 建造地址=[建造地址, 建造区域, 建造场所, 搭建区域, 搭建场地], 施工地点=[施工地点, 施工范围, 建筑区域, 建造场所, 建筑基地, 施工用地, 建筑用地, 建筑场地, 构筑基地, 构筑空间, 构筑场所], 规划区域=[规划区域, 开发用地]}","[建造区域, 构建区域, 建设地块, 建设空间, 修建领域, 规划地块, 构建场所, 修建地段, 施工范围, 建筑区域, 建设场所, 搭建区域, 建造场所, 建筑基地, 施工用地, 建设区域, 搭建场地, 建筑用地, 建筑场地, 构筑基地, 建设范围, 创立地基, 构筑空间, 建设领地, 构筑场所, 开发用地]",,system_user,2024-03-31 20:13:55,system_user,2024-03-31 20:13:55,0
58,1725,109552031000000c,"{企业用地=[企业用地, 企业领土, 企业所属地], 公司房产=[集团地产, 公司领地], 单位房产=[单位所属地块, 机构所属地块, 团体所属地块], 团体地块=[团体领土, 团体地块, 团体所属地块], 国有土地=[], 机构用地=[机构领地, 机构用地, 机构所属地块], 集体土地=[], 集团用地=[集团地产, 集团用地, 集团所属地, 集团所属地]}","[组织控制区域, 组织用地, 组织管辖区, 公司领地, 企业管辖区, 企业占领地, 集团地产, 单位管辖区, 机构辖地, 团体管辖区, 集团辖地, 团体所属地块, 单位所属地块, 机构占领地, 单位领地, 企业所属地, 组织领土, 企业领土, 团体领土, 机构领地, 集团所属地, 机构所属地块, 企业辖地, 组织辖地, 单位占领地, 组织控制地]",,system_user,2024-03-31 20:14:35,system_user,2024-03-31 20:14:35,0
59,1726,1095520510000005,"{管理的地点=[管理的场所, 所属管理区, 掌管的地域, 所属场地, 管控的地理范围, 负责的场所群, 管理的分区, 负责的地理区域, 所属界域, 管理的行政区域, 掌管的区域, 所属管控区, 所属管辖区, 负责的地理范围, 负责的管控区, 管理的界域, 管理的区域, 负责的行政区划, 负责的辖区, 管理的地域, 负责的管辖区, 所属分区, 管理的场地, 所属场所, 所属地理范围, 负责的场所, 负责的区域, 所属行政区划, 负责的地域, 所属地区]}","[管理的场所, 所属管理区, 掌管的地域, 所属场地, 管控的地理范围, 负责的场所群, 管理的分区, 负责的地理区域, 所属界域, 管理的行政区域, 掌管的区域, 所属管辖区, 所属管控区, 负责的地理范围, 负责的管控区, 管理的界域, 管理的区域, 负责的行政区划, 负责的辖区, 管理的地域, 负责的管辖区, 所属分区, 管理的场地, 所属场所, 所属地理范围, 负责的场所, 负责的区域, 所属行政区划, 负责的地域, 所属地区]",,system_user,2024-03-31 20:15:09,system_user,2024-03-31 20:15:09,0
60,1727,1095530110000007,"{other 1=[], 协办事件=[加盟事宜, 合作项目], 执行事件=[], 承办事件=[], 赞助事件=[]}","[展开行动, 负责事项, 合作项目, 处理事务, 策划事务, 主办活动, 领导项目, 协调事件, 执行任务, 推进事项, 施行措施, 协同工作, 支持事务, 加盟事宜, 管理活动, 介入事件, 组织行动, 促进工程, 进行项目, 发起事件, 承担任务, 承担事件, 施行计划, 发动计划, 安排事宜, 主持活动, 开展行动, 落实工作]",,system_user,2024-03-31 20:16:05,system_user,2024-03-31 20:16:05,0
61,1728,109553021000000a,"{other 1=[影响面向, 效果落点], other 2=[影响接纳者, 作用对象, 影响接收方], 受害组织=[受影响机构, 受影响方面, 受动组织, 受影响一方, 受牵涉组织, 影响承受者, 效果承载者, 受牵连组织], 受益组织=[效果作用者, 效果侧, 作用侧, 效果接收者, 效果受众, 作用受体, 效果对象, 作用客体], 波及对象=[影响接纳者, 作用对象, 影响接收方, 影响面向, 效果落点]}","[效果作用者, 受影响机构, 影响承受者, 作用侧, 效果接收者, 作用受体, 影响接收方, 效果落点, 作用客体, 效果面向, 效果侧, 受影响方面, 受动组织, 受影响一方, 影响接纳者, 作用对象, 效力发挥者, 受牵涉组织, 效果承载者, 效果受众, 效果对象, 受控实体, 关联实体, 变革对象, 影响面向, 目标组织, 响应组织, 作用面向, 受牵连组织]",,system_user,2024-03-31 20:16:36,system_user,2024-03-31 20:16:36,0
62,1729,1095530310000000,"{other 1=[整理事务, 施行措施, 维护事务, 管理事件], other 2=[启动项目, 策划项目, 归纳事项, 服务事项], 上报事件=[审查事项, 考察事件], 下发事件=[布置任务, 安排事宜, 安排工作], 办结事件=[总结工作, 检视工作, 执行操作], 移交事件=[处理事项, 落实事务, 解决事件]}","[推动事件, 负责事项, 发起项目, 总结工作, 检视工作, 协调工作, 落实事务, 归纳事项, 考察事件, 主导事宜, 执行任务, 调控事件, 勘探事务, 施行措施, 安排工作, 启动项目, 服务事项, 承接事务, 整理事务, 处理事项, 审查事项, 布置任务, 组织活动, 策划项目, 维护事务, 管理事件, 安排事宜, 促进事务, 执行操作, 解决事件, 开展行动]",,system_user,2024-03-31 20:17:08,system_user,2024-03-31 20:17:08,0
63,1730,1095530410000003,"{other 审查类=[审管案例, 检视案例], other 操作类=[管控操作, 照管任务], other 管理类=[管辖事项, 协管事件, 管理事件, 统管业务], 抽检事件=[审查规程, 检视案例, 察管事务], 监控事件=[维检事项, 管控操作, 照管任务, 管控项目, 监控条目], 督办事件=[管治事项, 督管工程, 审管案例, 督管业务, 监察事件]}","[督管工程, 维检事项, 管控操作, 指导事务, 照管任务, 负责事务, 监督活动, 执管案例, 检视案例, 协管事件, 统管业务, 视导工作, 督管业务, 调控业务, 管治事项, 监管行动, 审查规程, 审管案例, 管辖事项, 监察事件, 监管项目, 管控行动, 察管事务, 维护事宜, 管理事件, 考察对象, 检控活动, 监理活动, 监控条目, 管控项目]",,system_user,2024-03-31 20:17:40,system_user,2024-03-31 20:17:40,0
64,1731,1095540110000008,"{产出物=[项目成果, 合成品, 机械制品, 工件, 实体物, 原创品, 硬件产品, 实体成果, 工业产品, 发布物, 电子制品, 制品, 输出品, 加工品, 新品, 产品, 制造品, 文化产品, 定制品, 成品, 成果物, 商业货物, 消费品, 手工品]}","[项目成果, 合成品, 机械制品, 工件, 实体物, 原创品, 硬件产品, 创意品, 组织造物, 产成品, 软件产品, 实体成果, 工业产品, 发布物, 电子制品, 制品, 输出品, 加工品, 新品, 产品, 作产物, 制造品, 文化产品, 定制品, 成品, 成果物, 商业货物, 消费品, 手工品]",,system_user,2024-03-31 20:18:12,system_user,2024-03-31 20:18:12,0
65,1732,109554021000000b,"{公司资产=[企业物资, 公司所有资产, 公司所属物资, 企业资产], 其他个人/团队资产=[个人财物, 小组资源, 个人资产, 小组资产（若与团队资产含义不同）], 其他组织资产=[组织财产, 单位资产, 团体资产, 公司财产（若重复则归入公司资产）], 国有资产=[集团财物, 部门资源, 机构资源, 团体财物, 部门所有物, 集团资产, 团队物资, 机构所有资产, 部门财产, 组织资源, 团队资产, 团队所有物资, 组织财物, 机构所有品, 公司财物, 组织所有资产, 公司财产, 单位所属物品, 组织所属物品, 机构物资, 单位资源], 集体资产=[团队财产, 企业所有品, 机构资产, 集团所有物]}","[机构资源, 集团物资, 部门所有物, 集团资产, 机构所有资产, 团队资产, 组织财物, 公司财产, 单位所属物品, 组织所属物品, 机构物资, 单位资源, 企业所有品, 机构资产, 集团财物, 部门资源, 企业拥有物, 团体财物, 团队物资, 部门财产, 组织资源, 团队所有物资, 机构所有品, 公司财物, 组织所有资产, 企业物资, 公司所属物资, 公司所有资产, 团队财产, 集团所有物, 企业资产]",,system_user,2024-03-31 20:18:53,system_user,2024-03-31 20:18:53,0
66,1733,1095540410000004,"{管理信息技术=[管理网络, 管理软件], 管理其它=[管理机械, 管理硬件], 管理档案=[管理文档, 管理资料], 管理综合物品=[管理包装, 管理用品, 管理辅料, 管理备品, 管理耗材], 管理设备=[管理器具, 管理器械, 管理装置, 管理电路, 管理仪表], 管理资产=[管理硬件, 管理物资, 管理原料, 管理燃料, 管理器材, 管理机械, 管理产品, 管理组件, 管理设施, 管理库存, 管理模具, 管理工具]}","[管理部件, 管理文档, 管理包装, 管理硬件, 管理辅料, 管理耗材, 管理器材, 管理机械, 管理电路, 管理仪表, 管理设施, 管理库存, 管理模具, 管理资料, 管理物资, 管理原料, 管理网络, 管理器具, 管理用品, 管理系统, 管理器械, 管理备品, 管理燃料, 管理软件, 管理装置, 管理产品, 管理组件, 管理工具]",,system_user,2024-03-31 20:19:24,system_user,2024-03-31 20:19:24,0
67,1734,1095540510000007,"{保养的设备=[养护的运输设备, 保养的机械, 维护的车辆, 养护的机器], 维护的设施=[养护的建筑设施, 维护的办公家具, 保养的办公设备, 维护的通讯设备], 维护的软件=[]}","[负责的设施, 监管的器材, 托管的资产, 维护的车辆, 照看的网络设施, 养护的建筑设施, 监督的物料, 校准的仪器, 监督的医疗设备, 校准的测量工具, 监管的实验设备, 监督的环境监测设备, 管理的能源设备, 养护的运输设备, 保养的机械, 保养的办公设备, 养护的机器, 管理的库存, 负责的用具, 监管的安全设备, 负责的维修工具, 负责的制造设备, 管理的生产设备, 照看的器械, 维护的办公家具, 维护的通讯设备, 照看的电子设备]",,system_user,2024-03-31 20:19:59,system_user,2024-03-31 20:19:59,0
68,1735,109554061000000a,"{材料与工艺=[材料选择者, 模组构造者], 流程规划=[流程设计师], 设计稿=[包装设计师, 色彩搭配师, 工艺设计师, 环境设计师, 三维模型制作者, 形态设计者, 结构构图专家, 用户体验设计师, 动画设计师, 外观造型师, 界面设计师, 布局规划师, 产品设计师, 交互设计师, 字体设计师, 样式设计师, 图标创作者, 细节设计师, 展示设计师, 功能规划师, 模块设计者]}","[概念创造者, 包装设计师, 环境设计师, 形态设计者, 外观造型师, 方案制定者, 产品原型开发者, 界面设计师, 流程设计师, 交互设计师, 字体设计师, 图标创作者, 构架策划方, 模块设计者, 色彩搭配师, 工艺设计师, 三维模型制作者, 产品概念提出者, 结构构图专家, 用户体验设计师, 动画设计师, 模组构造者, 材料选择者, 系统架构师, 布局规划师, 产品设计师, 样式设计师, 细节设计师, 展示设计师, 功能规划师]",,system_user,2024-03-31 20:20:31,system_user,2024-03-31 20:20:31,0
69,1736,1095540710000000,"{信息技术类=[通讯设施, 信息处理终端], 办公用品消耗=[财务计算器, 办公设备, 操作设备, 信息处理终端, 培训教具], 医用耗材=[测试用具, 分析样本], 客户互动类=[客户体验产品, 客户服务工具], 广告宣传类=[展示用品, 广告媒介, 销售演示器材], 日用品消耗=[], 燃料消耗=[], 食材消耗=[]}","[库存管理物品, 测试用具, 处理材料, 办公设备, 运输工具, 内部通讯设备, 销售演示器材, 展示用品, 操作设备, 信息处理终端, 客户服务工具, 分析样本, 销售商品, 广告媒介, 人事管理软件, 项目管理工具, 市场调研对象, 研发材料, 维护工具, 清洁用品, 安全装备, 财务计算器, 培训教具, 教育教材, 通讯设施, 创意设计用品, 客户体验产品, 业务开发资料, 维修部件]",,system_user,2024-03-31 20:21:03,system_user,2024-03-31 20:21:03,0
70,1737,1095550110000009,"{other 1=[主体方], 上级组织=[核心单位, 主体机构, 本部], 主管部门=[主要部门], 控股公司=[], 母公司=[核心企业], 管理机构=[]}","[主管方, 核心团体, 领导单位, 主体机构, 控制方, 核心企业, 本部, 总集团, 主导组织, 领导集团, 总机构, 主导集团, 上级实体, 核心单位, 上级组织机构, 上级单位, 主体方, 掌管实体, 上属机构, 主控方, 主体公司, 主要部门, 总部所在组织, 上级业务部门, 上级公司, 主导单位, 上级行政单位, 上级集团]",,system_user,2024-03-31 20:21:33,system_user,2024-03-31 20:21:33,0
71,1738,109555012000000a,"{other 1=[], 下属组织=[管辖实体], 内设部门=[], 分支机构=[], 子公司=[], 直属单位=[]}","[主导机构, 领导部门, 主体集团, 领导企业, 主导企业, 本部机构, 本部, 主公司, 总集团, 领导集团, 总机构, 主导集团, 核心单位, 总部单位, 总体, 本部企业, 主导方, 上属机构, 主体公司, 隶属集团, 控股公司, 上级机构, 主体组织, 管辖实体, 集团总部, 主导单位, 母公司, 上属企业, 主控企业]",,system_user,2024-03-31 20:21:59,system_user,2024-03-31 20:21:59,0
72,1739,1095550310000002,"{先进组织部门=[先进组织], 接待部门=[核心团体, 风向标组织], 被指导部门=[榜样团体, 模范团体, 标杆单位]}","[核心团体, 模范团体, 主导力量, 主管单位, 中枢部门, 主导机构, 决策核心, 协调机构, 先进组织, 智囊团, 首席团队, 策略源地, 领导层, 控制中心, 规划单位, 管理总部, 主导集团, 主导团队, 领军组织, 首脑机构, 统筹集团, 指导性部门, 引领组织, 引领单元, 权威机构, 影响力组织, 教导集体, 风向标组织, 标杆单位, 榜样团体]",,system_user,2024-03-31 20:22:29,system_user,2024-03-31 20:22:29,0
73,1740,1095550320000003,"{咨询公司=[资源调控者, 行业领导者, 核心策划者, 行业标准制定者, 风向标组织, 牵头单位, 战略总部, 决策层], 指导机构=[影响力中心, 中枢组织, 引领机构, 权威指导方, 决策中心, 关键引导者, 权力核心, 管理机构, 主导集团, 指挥部门, 主要推手, 先导组织, 权威团体, 顶层设计者, 核心组织], 策划执行=[核心组织, 顶层设计者], 调控实体=[政策制定者, 调控实体], 顾问公司=[]}","[主导力量, 影响力中心, 智囊团队, 中枢组织, 引领机构, 行业标准制定者, 关键引导者, 管理机构, 主导集团, 战略总部, 决策层, 权威团体, 顶层设计者, 核心组织, 规划部门, 政策制定者, 资源调控者, 行业领导者, 核心策划者, 权威指导方, 风向标组织, 决策中心, 牵头单位, 权力核心, 指挥部门, 主要推手, 先导组织]",,system_user,2024-03-31 20:23:08,system_user,2024-03-31 20:23:08,0
74,1741,1095550430000007,"{代理机构=[], 供应商=[], 共创关系=[联合开拓者, 联合执行者, 协作参与者, 共享机构, 共创实体], 分销商=[], 合作伙伴=[协作共行者, 协手单位, 协约伙伴, 合作协同者]}","[合作组织, 联合执行者, 协作参与者, 互助伙伴, 联合开拓者, 联合运作者, 合作推进者, 共享机构, 共促实体, 合作协同者, 合作共事者, 共创实体, 共事组织, 合作主体, 同盟组织, 协作者, 合作实施者, 共建单位, 协手单位, 协约伙伴, 共同发展方, 协作共创者, 协作团体, 协作共行者, 并行机构, 协进组织, 合作方, 协同单位, 联合体成员]",,system_user,2024-03-31 20:23:33,system_user,2024-03-31 20:23:33,0
75,1742,109555053000000a,"{对抗组织=[对抗组织], 竞对公司=[竞合对手, 对抗双方, 对抗同行, 竞争同行, 较量双方]}","[竞赛单位, 平行竞争者, 业务竞争方, 较量对手, 竞逐实体, 业务竞争者, 竞合对手, 实力对抗者, 竞技对手, 对抗双方, 对抗同行, 竞争对手, 市场竞争者, 行业竞争者, 行业对手, 同业竞争者, 角逐对手, 实力比拼者, 竞赛对手, 市场竞争方, 行业较量者, 同场竞技者, 竞争同行, 对抗实体, 较量双方, 比拼组织, 较量集团]",,system_user,2024-03-31 20:23:56,system_user,2024-03-31 20:23:56,0
76,1743,1095130510000007,"{受害者=[], 受益者=[成果享用者, 效果承受者], 波及对象=[], 评估相关=[效果评估者]}","[计划制定者, 措施实施者, 效果评估者, 策略制定者, 决策影响者, 责任归属者, 风险承担者, 目标达成者, 变革引领者, 意见表达者, 价值实现者, 活动组织者, 任务分配者, 任务承担者, 变革倡导者, 行动执行者, 效益创造者, 资源投入者, 问题解决者, 进程推动者, 过程影响者, 结果决定者, 决策实行者, 成果享用者, 方向引导者, 影响产生者, 进度控制者, 效果承受者, 决策参与者, 目标设定者]",,system_user,2024-03-31 20:24:23,system_user,2024-03-31 20:24:23,0
77,1744,1095120120000008,"{住户=[栖居者, 立足者, 定居者, 安土重迁者, 居留者], 扎根者=[扎根者]}","[当地居民, 地方人, 常住民, 居留者, 属地主, 住户人, 土著, 寓公, 坐地人, 地面人, 留居者, 地缘人, 栖居者, 本土人, 地著人, 原地人, 驻地人员, 在地居民, 居民, 地民, 依地人, 立足者, 定居者, 安土重迁者, 居住者, 土著民, 在地人, 居人, 原住民]",,system_user,2024-03-31 20:24:50,system_user,2024-03-31 20:24:50,0
78,1745,109512022000000b,"{other 1=[出行者, 行旅者], other 2=[踏访者], 参会人员=[寻访者, 探望者, 访友], 游客=[涉足者, 探游者, 巡游者, 步旅者], 顾客=[拜访者, 造访者]}","[探秘人, 探游者, 拜访者, 观光客, 路人, 行走者, 旅行者, 探望者, 往来人, 行旅者, 巡游者, 游览者, 步旅者, 消费客, 赴场地者, 流连者, 踏访者, 体验者, 过客, 行人, 涉足者, 穿行者, 访友, 寻访者, 赴约人, 经途人, 造访者, 出行者]",,system_user,2024-03-31 20:25:20,system_user,2024-03-31 20:25:20,0
79,1746,1095120320000001,"{巡游探索=[巡游者, 行踪者, 行脚人], 移动人员=[移动人, 流动人口, 行进者], 过路人员=[漫游者, 过路人, 过客, 行色匆匆者, 行人, 经过者, 穿行者, 路过的, 步过人, 走途者, 走途人, 行经人, 走行者, 途径者]}","[行路人流, 行进者, 过路人, 步经人, 行程人, 行迹者, 行色匆匆者, 经过者, 路过的, 步过人, 走行者, 途径者, 行经人流, 巡游者, 漫游者, 过路人潮, 过境人, 过客, 移动人, 行人, 穿行者, 流动人口, 过道人, 行脚人, 行经者, 走途人, 走途者, 行经人, 行踪者, 行路人]",,system_user,2024-03-31 20:25:51,system_user,2024-03-31 20:25:51,0
80,1747,1095120420000004,"{建筑相关企业=[建筑公司, 开发企业, 建设集团], 建设工人=[工程师, 筑路人, 造楼师, 建设人, 建筑工, 施工人, 建筑者, 建筑师, 施工集团, 施工主体, 建设单位, 建者, 筑梦人, 施工队, 基建者, 建设者, 施工方, 建筑团队, 建造者, 筑城者, 筑造者, 筑者], 开创性工作=[开荒者, 创立者, 开拓者, 造者], 规划相关=[规划师]}","[工程师, 筑路人, 造楼师, 建设人, 开荒者, 工地主人, 建筑者, 施工人, 开发企业, 建者, 筑梦人, 施工队, 建设单位, 基建者, 建设者, 施工方, 规划师, 建造者, 造者, 建设集团, 筑者, 建筑工, 建筑师, 建筑公司, 施工集团, 施工主体, 创立者, 筑城者, 开拓者, 建筑团队, 筑造者]",,system_user,2024-03-31 20:26:25,system_user,2024-03-31 20:26:25,0
81,1748,1095120520000007,{房屋业主=[房产拥有者]},"[空间控制者, 地块支配者, 场域拥有者, 房产拥有者, 地域控制者, 地块所有者, 场域控制者, 地产拥有者, 地产控制者, 地产支配者, 地产掌管者, 房产掌管者, 居所掌握者, 地块控制者, 场所拥有者, 物业支配者, 空间所有者, 地域所有者, 地域拥有者, 地域支配者, 空间拥有者, 空间掌握者, 物业所有者, 土地所有者, 物业掌管者, 房产支配者, 场所支配者, 地块掌握者, 场域支配者, 房产控制者, 居所所有者]",,system_user,2024-03-31 20:27:00,system_user,2024-03-31 20:27:00,0
82,1749,1095120720000000,"{场所负责人=[协调员, 管理师, 运营者, 监管者, 治理者, 监管人, 管理者, 经理, 负责人, 控制者, 管理员, 经营人]}","[空间管理者, 城市管理员, 区域负责人, 土地经营人, 区域管理者, 房产管理者, 场地监管人, 负责人, 城市规划师, 地域协调员, 场地经营者, 区位经营者, 区位管理者, 治理者, 地区经营者, 地理控制者, 场地管理员, 区域运营者, 规划师, 地区管理员, 土地监管人, 土地管理者, 地域管理者, 地方管理者, 管理师, 场所监管者, 监管者, 房产经理, 监管人, 地区治理者, 管理者, 经理, 城市治理者, 控制者, 管理员, 地理管理者, 城市管理师, 协调员, 经营者, 运营者, 规划者, 城市规划者, 地方协调员, 经营人]",,system_user,2024-03-31 20:27:38,system_user,2024-03-31 20:27:38,0
83,1750,1095120820000003,"{保安=[安防员, 维护监护者, 照管人], 保洁=[保养员, 保养专家, 环境维护员, 设施保养员], 维修工=[维保工程师, 维修师, 设备维护员], 维护工作=[维护工, 维护专员, 维护执行者]}","[监护者, 守护天使, 场所维护者, 照管人, 监理人, 护场人, 维保工程师, 园艺师, 维修师, 场地管理员, 设施保养员, 维护专员, 保养员, 保护者, 守护者, 巡检员, 保养专家, 环境维护员, 管理员, 整修工, 护理人, 看场人, 维护工, 安防员, 维护监护者, 校验员, 守护神, 看护者, 维护执行者, 设备维护员]",,system_user,2024-03-31 20:28:19,system_user,2024-03-31 20:28:19,0
84,1751,1095130120000009,"{other 1=[打造者, 生产商], other 2=[], 主持人=[], 制定者=[], 发起人=[], 当事人=[合成者, 发明人, 开发者, 制作者, 创作者, 制订者, 编制人, 创始人, 搭建者, 建设者, 制作人, 创造者, 营造师, 构建者, 生成者, 设计者, 营造者]}","[发起者, 合成者, 制作者, 生产商, 打造者, 创作者, 制订者, 编制人, 构建师, 搭建者, 施工者, 筹备人, 建设者, 筹划人, 营造师, 构建者, 生成者, 发明人, 打造师, 创始人, 组织者, 创立者, 制作人, 创造者, 开发者, 设计者, 营造者]",,system_user,2024-03-31 20:28:51,system_user,2024-03-31 20:28:51,0
85,1752,109513022000000c,"{other 1=[发起者, 关键人物, 主动方, 工作主要负责者, 进程推动者, 负责人, 推动者, 主力, 担当者, 行动者, 事业推动者, 流程主导者, 行动计划者], other 2=[组织者, 主力, 担当者, 行动者, 事业推动者, 流程主导者, 行动计划者], 参与者=[事件参与者, 项目发起人, 作用者, 能动者, 行动者, 行为人], 执行人=[实施者, 动作执行者, 主要执行者, 任务执行者, 决策实施者], 活动嘉宾=[活动组织者, 组织者], 活动赞助人=[贡献者]}","[发起者, 实施者, 动作执行者, 目标追求者, 项目发起人, 作用者, 能动者, 负责人, 担当者, 活动组织者, 决策实施者, 事业推动者, 行动计划者, 事宜执行者, 关键人物, 贡献者, 主动方, 工作主要负责者, 进程推动者, 事件参与者, 变革推动者, 推动者, 主要执行者, 组织者, 主力, 当事人, 行动者, 行为人, 任务执行者, 流程主导者]",,system_user,2024-03-31 20:29:26,system_user,2024-03-31 20:29:26,0
86,1753,1095130320000002,"{other 1=[], 主导者=[处理人, 执掌者], 执行人=[执行人, 操盘手], 调整者=[调整者]}","[实行者, 执掌者, 促进者, 监管者, 操盘手, 发起人, 履行者, 管理者, 策划者, 指导者, 推动者, 执行者, 控制者, 组织者, 主持人, 协调者, 安排者, 负责者, 担当者, 操作者, 决策者, 处理人, 影响者, 召集人, 施行者]",,system_user,2024-03-31 20:29:59,system_user,2024-03-31 20:29:59,0
87,1754,1095130420000005,"{其他监管类人员=[], 监理人员=[审查员, 维护者, 治理者, 管理人员, 调控员], 督办人员=[管控者, 执掌人, 监管者, 督查员, 监督人]}","[维护者, 主导者, 决断者, 执行人, 负责人, 主宰者, 检视员, 执行长, 治理者, 管理人员, 执事人, 监督人, 调控员, 施行者, 管控者, 执掌人, 监管者, 操盘手, 督查员, 掌管者, 执行者, 管理员, 审查员, 监护人, 主持人, 协调员, 经管人, 主事者, 看护者]",,system_user,2024-03-31 20:30:31,system_user,2024-03-31 20:30:31,0
88,1755,109514012000000a,"{创新者=[发明者, 创新者, 构想师, 创意者], 开发者=[开发者], 规划者=[规划者, 策划师], 设计师=[设计专家, 设计员, 设计工程师, 设计师, 设计者]}","[构想者, 设计专家, 创始员, 发明者, 创客, 造型师, 发明人, 制作者, 构思者, 架构师, 创作者, 设计工程师, 创始者, 策划师, 构思员, 设想者, 设计员, 构想师, 设计师傅, 布局者, 制作人, 创意者, 创造者, 构建者, 构思师, 设计者]",,system_user,2024-03-31 20:31:34,system_user,2024-03-31 20:31:34,0
89,1756,1095140320000003,"{临时使用人=[], 乘客=[], 操作相关人员=[功能执行人, 常规操作人, 操作者, 操作员], 长期使用人=[单一使用人], 驾驶员=[主要操作人, 专业操作者, 核心操作者]}","[活跃用户, 业余爱好者, 专业工作者, 交互者, 主要用户, 功能执行人, 次要用户, 专业操作者, 关键使用者, 单一使用人, 标准用户, 日常使用者, 核心操作者, 常规操作人, 高级用户, 常规维护者, 特定使用人, 主要操作人, 直接使用人, 执行者, 控制者, 管理员, 普通使用者, 终端用户, 操作者, 操作员, 基础用户, 应用者, 频繁使用人]",,system_user,2024-03-31 20:32:24,system_user,2024-03-31 20:32:24,0
90,1757,1095140420000006,"{实益拥有人=[实益拥有人], 物品拥有人=[领有者, 资产权人, 拥有权人, 物权持有人]}","[财物所有者, 主体所有者, 产权所有者, 物件主人, 掌管人, 归属人, 物权人, 拥有权人, 物权持有人, 所有者, 资产权人, 权属人, 物主, 主宰者, 资产者, 财产者, 领有者, 权益所有人, 资产持有者, 有产者, 持物权者, 财产拥有者, 资源控制人, 持有人, 所属人, 控物权者, 所有权者, 最终受益人, 物品占有者]",,system_user,2024-03-31 20:32:55,system_user,2024-03-31 20:32:55,0
91,1758,109514062000000c,"{库存管理员=[], 档案管理员=[], 组织领导=[院长, 监管者, 店长, 经理, 领导者, 控制者, 站长, 团队负责人, 理事长, 组织者, 项目经理, 部门主管, 协调员, 秘书长, 总监], 设备管理员=[], 资产管理员=[], 运营管理=[经营者, 运营者, 决策者, 调控者, 校长, 主管]}","[调配师, 店长, 站长, 团队负责人, 策展人, 厂长, 决策者, 主管, 规划师, 院长, 监管者, 经理, 领导者, 企业主, 控制者, 管理员, 创始人, 理事长, 组织者, 项目经理, 部门主管, 协调员, 投资人, 经营者, 会长, 运营者, 调控者, 校长, 秘书长, 馆长, 总监]",,system_user,2024-03-31 20:33:27,system_user,2024-03-31 20:33:27,0
92,1759,1095140720000002,"{清洁员=[维护者, 保养者, 维护员, 养护人], 维修工=[维保人员, 维修人, 修理工, 维保工], 维护相关人员=[维护师, 维护实施者, 维护师傅, 维护责任人, 维护监护者, 维护人员, 维护工程师, 维护操作员, 颐养工, 维护执行者]}","[维护专家, 维护者, 维保员, 维修人, 维护师, 护理员, 维护技术人员, 护养人, 修理工, 维护员, 维护人员, 维保工, 维护操作员, 维保人员, 守护者, 照护者, 护理工, 维护工作者, 维护检修工, 护工, 保养者, 维护实施者, 维护师傅, 养护人, 维护责任人, 维护监护者, 维护工程师, 颐养工, 维护执行者, 保护者]",,system_user,2024-03-31 20:33:58,system_user,2024-03-31 20:33:58,0
93,1760,1095140820000005,"{other 感知主体=[知觉者, 注意者], 意向购买者=[洞察者], 检测仪器=[发现者, 观察者, 观测者]}","[知觉者, 探测者, 体验主体, 领略者, 洞察主体, 感觉者, 目测者, 发现者, 观察者, 监视者, 目击主体, 观测者, 感应者, 体验者, 感知者, 察觉者, 预察者, 预感者, 洞察者, 感受者, 感测者, 识别主体, 目击者, 探查者, 识别者, 预见者, 觉察者, 审视者, 注意者]",,system_user,2024-03-31 20:34:28,system_user,2024-03-31 20:34:28,0
94,1761,1095150320000004,"{公司员工=[集团从属人员, 集团旗下员工, 组织构成人员, 企业从属个体], 团体归属者=[团体归属者, 团队从属者, 组织成员资格者], 机构从属者=[机构从属者, 机构所属成员, 机构隶属者]}","[企业核心成员, 集团从属人员, 企业枝干成员, 组织成员, 企业下属, 组织内部人, 团队架构人员, 组织构成人员, 公司体系内成员, 集团员工, 团队从属者, 企业从属个体, 组织编制内人员, 公司职员, 机构员工, 组织分支成员, 公司组成部分, 组织框架内人员, 团队一员, 集团旗下员工, 机构内部成员, 企业人士, 机构组成人员, 公司一员, 机构所属成员, 机构隶属者, 组织成员资格者, 机构体系成员]",,system_user,2024-03-31 20:35:34,system_user,2024-03-31 20:35:34,0
95,1762,1095150420000007,"{支持授予单位=[支持授予者], 职能授权单位=[职能授权者, 权利授出单位], 荣誉授予单位=[授予权力机构, 认证授权者, 授奖主体], 许可授权单位=[许可机构, 许可授权方, 许可发放者]}","[资格认定机构, 头衔授予组织, 认证授权者, 授奖主体, 认定中心, 赞助主体, 权利授出单位, 许可发放者, 许可机构, 许可授权方, 勋章授予机构, 授权颁发机构, 授予权力机构, 职能授权者, 认证主体, 嘉奖单位, 权利赋予方, 奖励发放方, 授权源, 授权单位, 授权创办者, 颁证组织, 支持授予者, 颁奖组织]",,system_user,2024-03-31 20:36:01,system_user,2024-03-31 20:36:01,0
96,1763,109515052000000a,"{业务支撑相关=[业务提供者, 业务供应者, 业务实施者], 借调人员=[实施个体, 执行者, 业务实施者], 兼职顾问=[服务输出者, 服务贡献者, 专业服务者, 服务提供方, 服务执行者], 技术支撑相关=[供应专家, 技术供应商, 技术实施者, 技术提供者, 技术支持], 服务志愿者=[提供方, 业务提供者, 供给者, 业务供应者], 服务提供相关=[技术供应商, 技术提供者, 技术实施者, 技术支持, 服务提供方]}","[服务输出者, 服务团队, 运营个体, 提供个体, 服务执行团队, 业务支持, 运营支持, 业务供应者, 实施个体, 技术支持, 服务执行者, 贡献者, 提供方, 服务贡献者, 业务提供者, 供应专家, 技术供应商, 执行者, 服务主体, 协助团队, 输出单位, 专业服务者, 供给者, 技术实施者, 服务人员, 输出者, 技术提供者, 维护工程师, 业务实施者, 服务提供方]",,system_user,2024-03-31 20:36:31,system_user,2024-03-31 20:36:31,0
97,1764,109523012000000c,"{事件发生地=[交易发生地, 装卸地点, 赛事举办地, 加工场所, 办公地点, 演出地点, 拍摄地点], 生产相关地点=[采矿地点, 采集地, 加工地], 研究相关地点=[研究基地, 创作源地]}","[装卸地点, 交易发生地, 赛事举办地, 研究基地, 加工场所, 办公地点, 采矿地点, 演出地点, 创作源地, 种植区域, 生产基地, 加工地, 销售网点, 机构注册地, 立案地, 建筑坐落地, 办学地点, 会议召开地, 养殖基地, 实验基地, 活动举办地, 展览场地, 基地所在, 拍摄地点, 采集地, 项目实施地, 存储地点, 服务场所]",,system_user,2024-03-31 20:36:59,system_user,2024-03-31 20:36:59,0
98,1765,1095240220000003,"{other 1=[扎根位置, 依托位置], other 2=[], 停留位置=[扎根地带, 支撑地点, 立足场地], 安装位置=[固定地面, 依托点, 基座地点], 摆放位置=[依托地面, 立足点, 承载地面]}","[依托地面, 固定点, 固定地面, 固定位置, 基座区域, 支撑场所, 座落场所, 扎根地带, 扎根位置, 基座地点, 扎根区域, 基座位置, 立足点, 放置地点, 支撑区域, 安装地点, 依托场所, 放置区域, 安装基地, 固定区域, 放置场所, 支撑地点, 立足场地, 依托位置, 放置点, 立足区域, 座落地点, 安装场所, 依托点, 承载地面]",,system_user,2024-03-31 20:37:38,system_user,2024-03-31 20:37:38,0
99,1766,1095240320000006,"{专业服务机构=[专业机构], 物品维修站=[服务单元], 物资补给点=[供应中心], 高速收费站=[专业平台]}","[处理中心, 维护单元, 服务中心, 维护站点, 处理站点, 服务站点, 服务单元, 专业机构, 支持中心, 支持站点, 服务终端, 服务基站, 供应站, 处理终端, 执行站点, 操作平台, 维护中心, 操作站点, 供应中心, 响应站点, 响应中心, 执行平台, 专业平台, 执行单元, 处理单元, 操作终端, 分发点, 操作中心, 支持终端]",,system_user,2024-03-31 20:38:10,system_user,2024-03-31 20:38:10,0
100,1767,1095340120000003,"{事故记录单=[], 工作留痕记录=[], 行为作用主体=[行为作用主体]}","[现象承担元素, 事件处理终端, 活动记录仪器, 功能施用装置, 行为执行实体, 操作实现工具, 行为表现介质, 任务承担物品, 活动执行工具, 事情经过记录器, 过程承载工具, 事件承担工具, 事件承担实体, 过程记录设备, 任务完成介质, 活动承载单元, 功能实现物品, 操作执行物品, 事务执行载体, 过程实施对象, 任务处理组件, 现象发生装置, 事情执行器材, 任务执行器具, 作业进行设备, 现象展现平台, 情况产生场所]",,system_user,2024-03-31 20:38:41,system_user,2024-03-31 20:38:41,0
101,1768,1095340220000006,"{辅助设备=[辅助组件, 配合件, 效能增进物, 功能增进器]}","[协作器, 协助装置, 助力模块, 推进载体, 促进因素, 促进作用, 催化物, 增效工具, 推进元素, 协作组件, 协作介质, 支持要素, 效果辅助物, 增强单元, 效能辅助者, 助力源, 功能助手, 效能增进物, 助力实体, 功能增进器, 作用介质, 辅助组件, 配合件, 推进介质, 推进器, 辅助因子, 配合要素, 效果增进器, 助力原件]",,system_user,2024-03-31 20:39:07,system_user,2024-03-31 20:39:07,0
102,1769,1095520120000007,"{其他具有地域性质的实体=[据点组织], 办公的组织=[部署单元, 入驻实体, 扎根的组织], 注册的组织=[占领的组织, 驻守组织]}","[所在地的组织, 营地管理机构, 设立的机构, 常驻机构, 地区办事处, 驻地的组织, 入驻实体, 阵地所属, 据点组织, 分支驻点, 控制中心, 指挥机构, 基地所属组织, 扎根的组织, 登记的组织, 地方分支机构, 防区的团体, 执行任务的组织, 部署单元, 坐落的机构, 占领的组织, 布防的团体, 使用的机构, 活动基地, 地方营单位, 区域驻军, 根据地机构, 行使职权的组织, 驻守组织]",,system_user,2024-03-31 20:39:47,system_user,2024-03-31 20:39:47,0
103,1770,109552022000000a,"{其他组织=[建造集团, 建筑公司, 筑造组织, 建造机构, 营建机构], 建设单位=[修建主体, 建设机构, 构筑组织, 建设企业, 建设集团, 建设方, 建设团队, 建设集团], 施工单位=[施工机构, 建造集团, 建筑集团, 建筑公司, 施工企业, 建施集团, 施工团体, 筑造组织, 建造机构, 营建机构, 施工方, 建造方, 建施单位]}","[建设机构, 构筑组织, 建筑主体, 筑建单位, 筑企, 建造集团, 建筑集团, 营建方, 建施集团, 建设团队, 营建机构, 施工方, 建造方, 建施单位, 创立单位, 建设集团, 修建主体, 施工机构, 建设企业, 建筑公司, 建筑方, 施工企业, 施工团体, 建造机构, 建设方, 筑造主体, 筑造组织, 建筑实体, 建设实体]",,system_user,2024-03-31 20:40:21,system_user,2024-03-31 20:40:21,0
104,1771,1095520320000000,"{其他土地或资产归属实体=[], 土地归属单位=[地域所有单位, 用地所有组织], 房产归属公司=[拥有者组织]}","[地域管辖单位, 空间管辖团体, 地理归属团体, 空间占用组织, 所属机构用地, 占地机构, 领地所属组织, 地域所有单位, 区域归属组织, 地理所有单位, 场地所属机构, 地理控制组织, 地段所属单位, 场地责任组织, 区域控制方, 控制地域团体, 地域占用单位, 领地所属团体, 场地责任团体, 区域所有者, 拥有者组织, 场所拥有组织, 地段所有者, 地域拥有者, 空间拥有者, 领域管辖组织, 用地所有组织, 地理占用机构, 所属基地组织]",,system_user,2024-03-31 20:40:52,system_user,2024-03-31 20:40:52,0
105,1772,1095520520000006,"{管理组织=[领土管理机构, 地域行政机构, 区域管理机构, 地方管控组织, 地方管理机构, 地域治理单位, 地域管控部门, 地域管辖机构, 区域管控实体, 地方治理实体, 地方行政管理机构, 地方治理部门, 区域管理实体, 地域治理机构, 区域统辖单位, 地方管控部门, 区域管辖组织, 地方统辖部门, 区域治理组织, 区域行政组织, 区域统辖组织, 区域治理部门, 地方行政组织]}","[地域管理单位, 领土管理机构, 地域行政机构, 区域管理机构, 地方行政单位, 地方管控组织, 地方管理机构, 地域治理单位, 地域管控部门, 地域管辖机构, 区域管控实体, 区域行政单位, 地方治理实体, 地方行政管理机构, 地方管理单位, 地方治理部门, 管辖地区机构, 区域管理实体, 地域治理机构, 区域统辖单位, 辖地组织, 地方管控部门, 区域管辖组织, 地方统辖部门, 区域治理组织, 区域行政组织, 区域统辖组织, 区域治理部门, 地方行政组织]",,system_user,2024-03-31 20:41:24,system_user,2024-03-31 20:41:24,0
106,1773,1095520620000009,"{修缮单位=[维护部门, 维护公司, 维护机构, 养护机构], 安保单位=[], 维护集体类=[维护集体, 维护小组, 维护单元, 维护企业, 维护团, 维护组织, 维护团队, 维护集团]}","[照管组织, 维护部门, 照看集团, 护理组织, 维护小组, 维护单元, 保护单位, 保护小组, 保育组织, 维护团队, 养护机构, 看护团队, 维保团队, 保卫组织, 维护机构, 维护企业, 维护组织, 护理单元, 养护团队, 维护团, 监管团体, 维护集团, 维护公司, 护场组织, 维护集体, 维保机构, 护理集体, 保护团, 保序机构]",,system_user,2024-03-31 20:41:52,system_user,2024-03-31 20:41:52,0
107,1774,1095530120000008,"{other 1=[主动介入方, 积极推动者], 协办单位=[进程协调者], 执行单位=[运作团队, 任务执行机构, 运作实体, 实施团体, 主要执行者], 承办单位=[], 赞助单位=[]}","[运作团队, 主导机构, 事件执行机构, 负责组织, 关键部门, 积极推动者, 策划单位, 事务执行者, 过程管理者, 项目实施方, 事件组织者, 活动推动者, 主要参与者, 策划团队, 管理单位, 事务操办者, 核心组织, 活动主办者, 项目主导者, 任务执行机构, 事情主导者, 事件主导方, 活动发起者, 责任实体, 主要执行者, 主动介入方, 运作实体, 实施团体, 进程协调者, 领导组织]",,system_user,2024-03-31 20:42:26,system_user,2024-03-31 20:42:26,0
108,1775,109553022000000b,"{创新引领=[Apollo Cyber RT, 高性能运行时框架, 数据融合功能, 开发工具, 传感器驱动程序, 服务发现, 优化高并发, 优化低延迟, 优化高吞吐量]}","[改革推动, 决策影响, 规则设定, 决策驱动, 指令发布, 协调运作, 活动发起, 项目启动, 决策制定, 标准制定, 任务部署, 规范制定, 组织决策, 措施采取, 业务开展, 决策执行, 管理执行, 方向引导, 行动发起, 方针确立, 活动组织, 变革推动, 目标设定, 流程发起, 计划安排, 实施引领, 策略实施, 指导提出, 改革倡导, 管理策略]",,system_user,2024-03-31 20:42:53,system_user,2024-03-31 20:42:53,0
109,1776,1095530420000004,"{控制中心=[调控中心, 控制中心], 监管组织=[监督机构, 监管机构, 监管主体, 治理机构], 督办组织=[审核团体, 考察组织, 督察组织], 管理机构=[监理集体, 管理机构, 管理主体]}","[主导力量, 监理集体, 检视团队, 执行实体, 督察组织, 监管主体, 调控中心, 主办单位, 监督机构, 审核团体, 考察组织, 管理主体, 负责团体, 主导团队, 决策层, 指挥部门, 评价机构, 统筹集团, 领导组织, 审定集团, 监管机构, 治理机构, 管辖机构]",,system_user,2024-03-31 20:43:47,system_user,2024-03-31 20:43:47,0
110,1777,1095540120000009,"{other 1=[], 生产厂商=[生产方, 生成组织, 生产集团, 生产单元, 产出机构, 生产机构, 打造集团, 制造商, 生产团队, 生产实体, 生产企业, 量产组织, 制造组织, 制作公司, 创造企业, 制造成员, 研制机构, 创制单位, 生产者, 创制机构, 生产部门, 创造单位]}","[生产集团, 造物者, 制作者, 产出机构, 生产机构, 打造集团, 生产团队, 生产企业, 制造组织, 制作公司, 创造企业, 制造成员, 产品提供商, 产出方, 创制单位, 生产者, 生产部门, 创造单位, 生产方, 生产单元, 制造方, 创造方, 制造商, 生产实体, 量产组织, 研制机构, 制作方, 创制机构, 生成组织, 造物组织]",,system_user,2024-03-31 20:44:18,system_user,2024-03-31 20:44:18,0
111,1778,109554022000000c,"{所属组织=[集团资产, 团体物权, 组织资产, 集团所有, 团体资产, 企业资产], 机构相关=[机构拥有权, 机构资源], 资产所有权=[拥有资产]}","[机构藏品, 组织所有物, 集团所有, 持有所属物, 企业拥有, 单位物权, 拥有资产, 机构资源, 团体资产, 单位财权, 组织持有, 组织财权, 集团资产, 公司财权, 组织财产, 公司财产, 单位资源, 团体所有, 机构物权, 企业物权, 组织资产, 公司拥有, 公司资源, 团体财权, 团体物权, 机构所属, 集团资源, 机构拥有权, 单位拥有, 机构财权, 企业资产]",,system_user,2024-03-31 20:44:46,system_user,2024-03-31 20:44:46,0
112,1779,1095540420000005,"{其他管理组织=[..., ...], 档案管理单位=[组织监管机构, 协调机构, 组织管理中心, 机构协调部, 项目管理办公室, 组织管控团队, 团队管理部门, 组织领导层, 策略执行机构, 服务管理组织, 指挥单元], 资产管理部门=[组织管理部, 集团管理部门, 统筹部门, 管理机构, 企业调控部门, 公司管理部, 事业管理部门, 组织决策部门, 机构管理中心]}","[组织管理部, 组织监管机构, 集团管理部门, 企业策划中心, 协调机构, 组织管理中心, 统筹部门, 机构协调部, 项目管理办公室, 组织管控团队, 管理机构, 组织领导层, 策略执行机构, 机构管理中心, 组织运维中心, 指挥单元, 企业监管中心, 组织实施部门, 企业管控中心, 企业策划部门, 组织运营团队, 运营实体, 企业调控部门, 团队管理部门, 事业管理部门, 组织决策部门, 组织执行机构, 机构发展部, 服务管理组织, 公司管理部]",,system_user,2024-03-31 20:45:23,system_user,2024-03-31 20:45:23,0
113,1780,1095540520000008,"{other 1=[维护保障队, 维护支持部], 修护单位=[修护单位, 维护技术部], 维修厂=[维护作业部, 技术保养部, 维护部门, 维护保养科], 运维公司=[维护执行小组, 维护保障队, 维护响应小组, 维护服务队, 维护实施组, 维护支持部]}","[技术保养部, 维护保障队, 维护部门, 维护实施组, 维护管理机构, 维修中心, 维护响应小组, 维护团队, 维护技术科, 养护公司, 维护检修站, 维修技术组, 维护作业部, 维护执行小组, 设备维护所, 设备养护队, 维护技术部, 维护工程师, 维护服务队, 维修服务公司, 维护保养科, 技术支持部, 保养机构, 保养服务处, 技术维护点, 维护运营部, 维护支持部, 设施维护组, 设施养护科]",,system_user,2024-03-31 20:45:58,system_user,2024-03-31 20:45:58,0
114,1781,109554062000000b,"{研发相关=[研发者, 创制方, 设计主体, 研发中心], 规划机构=[规划者, 规划机构, 创造单位], 设计团队=[设计方, 构思集团, 设计科, 造型公司, 构思专家, 创新团队, 方案提供者, 设计主体, 工艺设计所, 方案设计部, 创意工作室, 概念设计团队, 设计服务商, 设计部门, 创新部门], 设计院=[技术开发部, 研发中心, 设计企业, 产品研发部]}","[构思集团, 技术开发部, 设计工程师, 造型公司, 创新团队, 方案提供者, 研发中心, 设计主体, 工艺设计所, 概念设计团队, 设计服务商, 研发者, 设计部门, 产品研发部, 系统设计师, 创造单位, 创新部门, 设计方, 造型师, 构思者, 设计科, 构思专家, 创制方, 方案设计部, 创意工作室, 产品设计师, 规划者, 设计企业, 项目设计者]",,system_user,2024-03-31 20:46:31,system_user,2024-03-31 20:46:31,0
115,1782,1095540720000001,"{临时征用组织=[组织作用发挥者, 组织实践者, 组织功能运行者, 组织参与者, 组织操作者, 组织实施者], 组织行为者=[组织驱动者, 组织效能实现者, 组织执行体, 组织施行者, 组织推动者, 组织行使者], 长期使用组织=[运用组织, 组织利用者, 利用组织, 采用组织, 组织运用者]}","[组织活动者, 运用组织, 组织执行者, 组织流程执行者, 组织实践者, 组织活动执行者, 组织利用者, 组织作用发挥者, 组织功能运行者, 组织规则遵循者, 组织参与者, 组织部署者, 组织操作者, 利用组织, 采用组织, 组织实施者, 组织运用实体, 组织运用者, 组织用户, 组织驱动者, 组织决策执行者, 组织业务主体, 组织策略执行者, 组织效能实现者, 组织执行体, 组织施行者, 组织推动者, 组织行使者]",,system_user,2024-03-31 20:47:05,system_user,2024-03-31 20:47:05,0
116,1783,1095240120000000,"{上下左右的地方=[], 东南西北的地方=[], 紧邻地点=[], 起始地点=[发出点, 发射位置, 发源地, 发源处, 始发地点, 发动地, 发生地, 出发点, 发祥地, 始发地, 地的起点, 起点, 发生场所, 源点], 远距离地点=[]}","[发源地, 发源处, 发祥地, 原点区域, 源的基地, 发出点, 发动地点, 启动场所, 出发点, 源的起点, 始发地点, 原产地, 发射位置, 发动地, 起点周边, 起点区域, 地的起点, 起始点, 起点, 起始地, 源的所在, 发出区域, 起始位置, 起始地域, 发生地, 始发地, 根基之地, 起源地, 发生场所, 源点]",,system_user,2024-03-31 20:47:37,system_user,2024-03-31 20:47:37,0
117,1784,1095530510000006,"{other 1=[], 主办事件=[建立事务, 创立论坛, 构建事务], 发起活动=[展开行动, 开展论坛, 开展行动], 牵头事件=[执行任务, 启动项目, 展开项目], 筹办赛事=[]}","[展开行动, 承办展览, 创始大会, 执行预案, 创始事务, 建立活动, 构建事务, 主办竞赛, 落实方案, 创立事件, 开展论坛, 启动预案, 组织展会, 发动运动, 执行任务, 启动项目, 建立事务, 施行工程, 创办活动, 创立论坛, 展开项目, 主办会议, 策划活动, 发起行动, 施行计划, 推行计划, 发起研讨, 策划预案, 开展行动, 组织庆典]",,system_user,2024-03-31 20:48:04,system_user,2024-03-31 20:48:04,0
118,1785,1095530520000007,"{other 1=[], 主办组织=[创制团体, 创建集团, 创立实体, 创立团体, 创制单位], 发起单位=[创立集体, 创建实体, 创始集体, 打造集团, 创立部门], 牵头单位=[制造企业, 生产集团, 制造单元, 生产机构]}","[创制团体, 生产集团, 创建集团, 组建集团, 打造组织, 生产机构, 打造集团, 创立团体, 创始组织, 创立实体, 创建实体, 生成机构, 设立机构, 创制单位, 组建团队, 创立部门, 建设集团, 创新团体, 建设单元, 生产单元, 发起团队, 设立部门, 制造企业, 制造单元, 创始集体, 创新机构, 建设组织, 打造部门, 组建机构, 构建部门]",,system_user,2024-03-31 20:48:43,system_user,2024-03-31 20:48:43,0
119,1786,1095110930000006,"{合作意向=[合作意向, 协同意愿, 双方意向, 联合意向, 共同志向, 互信意愿, 相互追求, 共识目标, 共进意向, 共建目标, 平等愿望, 互补动机, 相互意向, 平行愿望], 预约拜访=[]}","[伙伴预期, 搭档愿望, 彼此期望, 联合意向, 互认预期, 对等合作, 相向动机, 共同目标, 互动意愿, 互助意图, 相吸动机, 双方期望, 互惠期望, 相互合作, 协同意愿, 双方意向, 合作动机, 共同志向, 互信意愿, 相互追求, 共识目标, 共进意向, 共建目标, 平等愿望, 互补动机, 协作愿望, 相互意向, 平行愿望]",,system_user,2024-03-31 20:49:21,system_user,2024-04-22 23:44:42,0
120,1787,1095130710000000,"{意向促进发展=[预期促进发展, 预期管理团队], 意向参与活动=[预期策划活动, 计划指导工作, 计划组织会议], 意向启动工程=[计划启动工程], 意向实施计划=[计划进行调研, 预期实施计划, 预期布置工作]}","[意欲达成协议, 打算安排活动, 预期促进发展, 企图优化流程, 打算处理事务, 企图改善情况, 预期实施计划, 预期布置工作, 计划启动工程, 打算开展行动, 企图制定方案, 计划进行调研, 打算完成项目, 企图解决问题, 企图领导项目, 意欲作出决策, 打算负责事务, 意欲控制局面, 计划组织会议, 预期策划活动, 计划开展讨论, 预期管理团队, 计划监督执行, 意欲掌握进度, 计划指导工作, 意欲执行任务, 预期达成目标, 打算进行改革, 意欲进行协调, 企图推进进程]",,system_user,2024-03-31 20:49:48,system_user,2024-04-22 23:44:42,0
121,1788,1095130720000001,"{决策执行人员=[决策人, 主动执行人, 驱动者], 初始意愿人员=[初衷人, 意志提出者], 动力相关人员=[策动人, 驱动者, 原动力来源], 意向参与人员=[构想者, 愿望提出者, 主动行为人, 策动人, 意志提出者, 意图者, 志向发起者, 主意提出者, 决意者, 意向发起者, 原动力来源, 构想发起人, 目标制定者]}","[构想者, 主动行为人, 期望者, 决策人, 主动执行人, 主动参与者, 目的设定者, 目标追求者, 行动主体, 决意者, 施策者, 主动影响者, 意向发起者, 驱动者, 原动力来源, 构想发起人, 愿望提出者, 策动人, 初衷人, 意志提出者, 意图者, 志向发起者, 主意提出者, 操作者, 规划者, 预期执行者, 设计者, 行为发起者, 目标制定者]",,system_user,2024-03-31 20:50:21,system_user,2024-04-22 23:44:42,0
122,1789,109515061000000c,"{other 1=[], 求职单位=[期望集团, 目的机构, 预选集团, 志在团体, 预期团体, 期望团队, 志向团队, 预想社团, 目标企业, 理想单位, 预想机构, 目的团伙, 所指机构, 所指集团, 心仪组织, 理想组织, 愿景团伙, 所指组织, 愿景公司, 期望雇主, 意属机构, 志向企业, 目标团伙, 心仪单位]}","[志在团体, 预期团体, 预谋团伙, 理想单位, 目标企业, 预想机构, 预选企业, 理想组织, 意属机构, 目标团伙, 心仪单位, 期望集团, 志愿团体, 目的机构, 预选集团, 志愿组织, 目标机构, 期望团队, 志向团队, 预想社团, 目的团伙, 所指机构, 所指集团, 志愿公司, 心仪组织, 愿景团伙, 所指组织, 愿景公司, 期望雇主, 志向企业]",,system_user,2024-03-31 20:50:54,system_user,2024-04-22 23:44:42,0
123,1790,1095150620000000,"{主动加盟类=[主动加盟企业, 主动加盟人], 投资与参与类=[主动投资者, 自发参与者], 求职人员=[主动求职者]}","[意向捐赠者, 自主投资人, 意向代理人, 志愿工作者, 自主发起人, 意向代理商, 自主创办人, 主动参与者, 意向赞助商, 主动投资者, 主动合作者, 自发联络人, 主动求职者, 主动加盟人, 意向合作伙伴, 意向投资者, 主动协作者, 意向加盟者, 自发加盟商, 意向合作机构, 意向会员, 意向合作方, 自主创业者, 意向联络人, 自发参与者, 意向实习生, 主动加盟企业, 意向加盟企业]",,system_user,2024-03-31 20:51:20,system_user,2024-04-22 23:44:42,0
124,1791,1095120910000005,"{寻觅灵感=[寻觅灵感, 体验文化], 招募人才=[招募人才], 探索冒险=[探索冒险], 选购房屋=[]}","[举办会议, 履行合约, 考察调研, 度假休养, 开展活动, 创作写生, 体育训练, 前往旅行, 传教布道, 建立分部, 艺术表演, 体验文化, 求学深造, 就医治疗, 迁移居住, 寻找投资, 科学研究, 拍摄取景, 安家落户, 布设展览, 休闲娱乐, 发展业务, 设立机构, 执行任务, 探亲访友, 规划开发, 环境保护]",,system_user,2024-03-31 20:51:48,system_user,2024-04-22 23:44:42,0
125,1792,1095120920000006,"{意向旅行者=[目标地追求者, 目标地意向者, 打算地行者, 意地求赴者, 意欲地达者], 意向行动者=[计划地行者, 意欲抵达者], 意向购买者=[打算前往者, 打算地往者, 期望至地者, 计划赴地者, 意向游览者, 预赴地者, 意念地赴者, 目的地处愿者, 预想去地者, 意念目的地者, 预行地者, 计划地至者, 期望地至者, 目的地预愿者, 目的地计划者, 目的地期望者, 预地行者, 计划地行者, 预期到访者, 意欲抵达者]}","[打算地往者, 打算前往者, 意向目的地人, 期望至地者, 计划赴地者, 意向游览者, 预赴地者, 意念地赴者, 目的地处愿者, 预想去地者, 意念目的地者, 预行地者, 计划地至者, 目的地意向人, 目标地追求者, 目标地意向者, 打算地行者, 意地求赴者, 意欲地达者, 期望地至者, 目的地预愿者, 目的地计划者, 目的地期望者, 预地行者, 计划地行者, 预期到访者, 意欲抵达者, 目的地处者]",,system_user,2024-03-31 20:52:28,system_user,2024-04-22 23:44:42,0
126,1793,1095140910000007,"{选购商品=[所期物品, 所选物品, 向往之物, 所指物品, 垂青之物, 所爱之物, 所盼之物, 所寻物品, 关注之物, 心中所选, 所选目标, 所想之物, 意欲之物, 梦想之物, 所望商品, 寻求物件, 期望商品, 目标物品]}","[所期物品, 志在必得, 所选物品, 想得到的, 向往之物, 预定商品, 所指物品, 心仪对象, 垂青之物, 锁定目标, 所爱之物, 追逐目标, 追求之物, 所盼之物, 购物意向, 所寻物品, 心仪商品, 关注之物, 心中所选, 所选目标, 所想之物, 意欲之物, 梦想之物, 购物心愿, 所望商品, 寻求物件, 期望商品, 瞄准对象, 目标物品]",,system_user,2024-03-31 20:53:01,system_user,2024-04-22 23:44:42,0
127,1794,1095140920000008,"{other 1=[目的委托人, 目的参与者], 意向购买者=[目的竞拍者, 意向发起人, 意向招标方]}","[意向合作者, 目标签约者, 潜在投资者, 目的委托人, 意向代理商, 意向申请者, 意向购买方, 预期订购者, 目标消费者, 目标采纳者, 目标收藏者, 意向定制者, 目的竞拍者, 意向承租人, 预购客户, 目标竞购者, 预期受让人, 意向投资者, 目标租借者, 意向发起人, 意向招标方, 意向承租方, 意向受让人, 目的招募者, 意向加盟商, 目标捐赠者, 目的参与者, 目标预约者, 预期合作者]",,system_user,2024-03-31 20:53:27,system_user,2024-04-22 23:44:42,0
128,1795,1095110120000007,"{代理中介=[经纪人, 会计师], 服务员=[厨师, 配送员, 驾驶员, 保育员, 按摩师], 服务提供者=[提供方, 维修工, 策划师, 咨询专家, 导游, 供应者, 发型师], 治疗医师=[医师, 护理员], 法律顾问=[律师, 调解员], 辅助执行者=[援助者, 执行者]}","[中介人, 药剂师, 配送员, 经纪人, 保育员, 援助者, 护理员, 教员, 培训师, 导游, 发型师, 按摩师, 调解员, 会计师, 分析师, 厨师, 驾驶员, 提供方, 维修工, 教练, 策划师, 律师, 医师, 执行者, 咨询专家, 供应者, 心理咨询师, 助手, 志愿者, 服务生]",,system_user,2024-04-01 11:25:38,system_user,2024-04-01 11:25:38,0
129,1796,109511031000000c,"{下属员工=[负责员工, 管辖同事], 其他聚类中心=[...], 被执行人员=[管理对象, 被管理者]}","[主管人员, 管理对象, 团队领导, 部门负责人, 主导者, 被管理者, 领导层, 管辖同事, 指挥者, 首席执行官, 领导核心, 管理机构, 决策者, 管理高层, 管控者, 监管人, 领导成员, 负责员工, 所属管理者, 管理者, 直接上司, 权威人士, 控制者, 组织者, 执行主管, 公司经理, 负责人事, 管理团队, 经营管理者, 调配者, 掌舵者]",,system_user,2024-04-02 18:04:31,system_user,2024-04-02 18:04:31,0
130,1797,1095110110000006,"{乘客=[接待对象, 服务对象], 关照群体=[关照对象, 照顾对象, 支持对象, 服侍对象], 协助群体=[协助对象, 援助对象], 受益群体=[受益人, 惠及对象, 咨询对象, 辅导对象], 就诊患者=[保健对象, 护理对象], 顾客=[顾客, 用户]}","[求助者, 受益人, 关爱者, 陪伴者, 教育对象, 接待者, 惠及对象, 保健对象, 辅导对象, 咨询对象, 照顾对象, 支持对象, 合作对象, 护理对象, 访问者, 案主, 用户, 指导对象, 接待对象, 关照对象, 培训对象, 受助者, 服务对象, 协助对象, 咨询者, 庇护者, 援助对象, 服侍对象, 照看对象]",,system_user,2024-04-02 19:38:22,system_user,2024-04-02 19:38:22,0
