"id","case_code","category_code","case_content","create_user","create_time","modify_user","modify_time","del_stat","version_no"
"1","109511010000000501","1095110100000005","家政服务人员A按每小时200元【价格】、每周一次、每次两小时的【频次】为顾客B提供家政服务【类型】，于2022年5月23日下午2点到4点【起止时间】通过线下实地走访【方式】到访B家中，随身携带清洁工具和收纳工具【工具】，A自身具家政服务资格【要求】，B可为每次服务给出【评估结果】，A服务结束后，顾客B收获了整洁的家庭环境【结果产物】",NULL,"2023-05-23 00:35:21",NULL,"2024-01-18 07:00:22","0","0"
"2","109511010000000502","1095110100000005","2022年5月23日【起止时间】，居民A自行前往检测点B【方式】进行核酸检测（【频次】依照防控政策），核酸检测人员C使用测温枪、采样咽拭子等【工具】为居民提供核酸检测服务【类型】，其中日常化检测收费35元/1次，全员检测免费提供【价格】，检测结束后，居民会交流讨论服务的效率、态度、体验等【评估结果】，一天后居民会得到自己的核算报告【结果产物】。另外对于服务的双方有一定的【要求】，对于工作人员要求一定的专业经验、身体健康等，待检测者依据目前的风险状态结合防控要求进行检测",NULL,"2023-05-23 00:35:21",NULL,"2024-01-18 07:00:22","0","0"
"3","109511020000000801","1095110200000008","2022年4月4日上午11点到12点【起止时间】，居民A在静安区阳曲路某小区核酸检测点进行核酸检测时，与工作人员B由于沟通不畅【原因】引发言语纠纷【类型】，导致B受刺激后死亡，A被静安区公安局采取刑事强制措施【后果】",NULL,"2023-05-23 00:35:21",NULL,"2024-01-18 07:00:22","0","0"
"4","109511020000000802","1095110200000008","2022年4月9日下午1点【起止时间】，人员A与B在次渠嘉园小区因房屋产权纠纷【原因】引发身体冲突【类型】，导致B受到人身伤害【后果】",NULL,"2023-05-23 00:35:21",NULL,"2024-01-18 07:00:22","0","0"
"5","109511030000000b01","109511030000000b","自2019年7月起【起止时间】，张三作为部门领导依据集团管理条例【依据条例】对李四进行直接管理【方式】，可以全面考核李四的业务绩效等【权限范畴】，因管理效率高、效果好得到了同事们的好评【评估结果】",NULL,"2023-05-23 00:35:21",NULL,"2024-01-18 07:00:22","0","0"
"6","109511030000000b02","109511030000000b","2022年5月5日起【起止时间】，基于次渠嘉园社区疫情防控政策【依据条例】，社区工作人员A对次密接人员B进行直接管理【方式】，通过通信设备等对B的状态及时监测、反馈，实现对居家隔离人员B的健康监测管理【权限范畴】，B对该项管理给出的【评估结果】为效率高、态度好",NULL,"2023-05-23 00:35:21",NULL,"2024-01-18 07:00:22","0","0"
"7","109511040000000101","1095110400000001","自2022年4月起【起止时间】，人员A与B开展技术协作【类型】，A负责身份证信息采集，B负责咽拭子唾液采集【职责分工】，采用手机和试剂盒共同完成核酸检测任务【目的】，A与B配合默契【评估结果】",NULL,"2023-05-23 00:35:21",NULL,"2024-01-18 07:00:22","0","0"
"8","109511040000000102","1095110400000001","2022年1月15日至2月10日【起止时间】，A与B通过技术协作【类型】合作完成KDD论文投稿【目的】，A负责跑通实验，B负责论文撰写【职责分工】，A与B通过通信设备默契配合【评估结果】，按时完成【进程】了论文的投递任务",NULL,"2023-05-23 00:35:21",NULL,"2024-01-18 07:00:22","0","0"
"9","109511050000000401","1095110500000004","2018年9月至2021年7月【起止时间】，张老师【角色】指导学生李明开展图像处理【方向】的博士课题研究【目的】，通过实验设备和专业书籍【工具】采用线上和线下相结合的方式进行理论指导，指导【频次】为一周三次，该项指导的【评估结果】为评价反馈优",NULL,"2023-05-23 00:35:21",NULL,"2024-01-18 07:00:22","0","0"
"10","109511050000000402","1095110500000004","2022年1月12日【起止时间】，患者A在京东健康APP【工具】，因感冒用药问题【目的】以在线【方式】咨询医生【角色】A的指导，B对该次指导的反馈为优【评估结果】",NULL,"2023-05-23 00:35:21",NULL,"2024-01-18 07:00:22","0","0"
"11","109511060000000701","1095110600000007","社区人员摸排过程中需要对老年人及幼童等人员进行登记，年轻人A作为老年人B的直系亲属【类型】，代替B做信息登记，登记信息显示，A、B为父子关系，A称B为父亲【称谓】",NULL,"2023-05-23 00:35:21",NULL,"2024-01-18 07:00:22","0","0"
"12","109511060000000702","1095110600000007","张三是李明的表哥【称谓】，两人是旁系亲属关系【类型】",NULL,"2023-05-23 00:35:21",NULL,"2024-01-18 07:00:22","0","0"
"13","109511070000000a01","109511070000000a","2022年5月20日上午8点【起止时间】，A与B经合法登记【方式】成为新婚夫妻【类型】，尚未生育子女【婚育情况】，A称B为妻子【称谓】",NULL,"2023-05-23 00:35:21",NULL,"2024-01-18 07:00:22","0","0"
"14","109511070000000a02","109511070000000a","2021年12月，李某与王某办理离婚【方式】，离婚后两人为离异关系【类型】，互称对方为前妻/前夫【称谓】。另外两人育有一女【婚育情况】，离婚后王某取得孩子的抚养权",NULL,"2023-05-23 00:35:22",NULL,"2024-01-18 07:00:22","0","0"
"17","109511080000000001","1095110800000000","2022年5月20日下午2点起【起止时间】，A收养【方式】B成为B的养父母【类型】，B对A的【称谓】为养父。",NULL,"2023-05-23 00:35:22",NULL,"2024-01-18 07:00:22","0","0"
"18","109511080000000002","1095110800000000","2021年5月20日李某与张某登记结婚，婚前李某与前妻育有一子（未成年），张某与该子的关系为抚养类型【类型】，该子对张某的称谓为继母。",NULL,"2023-05-23 00:35:22",NULL,"2024-01-18 07:00:22","0","0"
"19","109544010000000401","1095440100000004","2022年5月18日【起止时间】，上海特斯拉工厂内，安全气囊A作为汽车B的组件【类型】被安装到B上，【功能】为提高汽车的安全性，安装方式【引入方式】为机械自动化安装，可对该从属关系进行评估，【评估结果】为合规",NULL,"2023-05-23 00:35:22",NULL,"2024-01-18 07:00:22","0","0"
"20","109544010000000402","1095440100000004","2022年5月23日下午2点，检测点A中，单个核酸检测瓶B作为一组核酸检测瓶C的子集【类型】，连同C中其他检测瓶用于判断本组中是否有异常【功能】，【引入方式】为人工插入，该从属关系的【评估结果】为合规",NULL,"2023-05-23 00:35:22",NULL,"2024-01-18 07:00:22","0","0"
"21","109544020000000701","1095440200000007","自2021年8月1日起【起止时间】，笔记本A与显示器B以一天一次的【频次】进行串联【类型】用以传输数据【目的】，连接工具【媒介】为传输线，【传输内容】为显示界面数据，可根据显示效果给出【评估结果】",NULL,"2023-05-23 00:35:22",NULL,"2024-01-18 07:00:22","0","0"
"22","109544020000000702","1095440200000007","2022年5月23日下午2点【起止时间】，京东物流X事业部无人车A与B开展了车联网并联【类型】，【连接容量】为千兆吞吐量，连接方式为无线连接，【媒介】为5G网络，【传输内容】为运行数据，【目的】是对信息网络中的所有车辆动态信息进行有效利用，可对连接效果给出【评估结果】",NULL,"2023-05-23 00:35:22",NULL,"2024-01-18 07:00:22","0","0"
"23","109544030000000a01","109544030000000a","2022年5月23日下午5点【起止时间】，道路救援车辆A与待救援车辆B处于相离状态【类型】，【距离】5公里，A位于B东北方向【方位】，相对速度为5km/h【变化情况】",NULL,"2023-05-23 00:35:22",NULL,"2024-01-18 07:00:22","0","0"
"24","109544030000000a02","109544030000000a","2021年10月15日下午3点【起止时间】，共享单车A、B分别被停放在小区C、餐馆附近的停车点，两辆车处于相离状态【类型】，【距离】1公里，A位于B的西南方向【方位】，相对速度为0【变化情况】",NULL,"2023-05-23 00:35:22",NULL,"2024-01-18 07:00:22","0","0"
"25","109544040000000001","1095440400000000","2022年5月23日下午2点到4点，货车A以收纳型【类型】承载核酸检测试剂盒B运往检测站点【目的】，B位于A的前半部分【相对位置】，本次【承重】为B的重量1吨，【容量】为B的体积2立方米，承载方式是合规的【评估结果】",NULL,"2023-05-23 00:35:22",NULL,"2024-01-18 07:00:22","0","0"
"26","109544040000000002","1095440400000000","2022年5月23日下午2点到4点，为防止破损【目的】，采用医用品外抽式真空包装袋A以收纳型【类型】承载医用防护服B送往核酸检测点，A容量为1立方米，承载方式是合规的【评估结果】",NULL,"2023-05-23 00:35:22",NULL,"2024-01-18 07:00:22","0","0"
"27","109522010000000901","1095220100000009","自2016年7月起【起止时间】，次渠嘉园小区3号楼作为小区的构成单元【类型】从属于小区，从属的【功能】是分流",NULL,"2023-05-23 00:35:22",NULL,"2024-01-18 07:00:22","0","0"
"28","109522010000000902","1095220100000009","自2022年5月20日起【起止时间】，海淀区全域提级管控，京东科技大厦位于海淀区，从属于管控区，是管控区的子集【类型】，可对该从属关系进行评估，【评估结果】为合理",NULL,"2023-05-23 00:35:22",NULL,"2024-01-18 07:00:22","0","0"
"29","109522020000000c01","109522020000000c","自2005年京昆高速修建以来，忻府服务区与京昆高速并联【类型】相连，【容量】为峰值300人次，【方式】为辅路连接，【目的】是为京昆高速提供配套设施，对连接辅路的【评估结果】为通行效率高，安全系数高",NULL,"2023-05-23 00:35:22",NULL,"2024-01-18 07:00:22","0","0"
"30","109522020000000c02","109522020000000c","2022年5月1日，当天14时起【起止时间】，广州地铁七号线西延顺德段正式开通初期运营【通行】。广州地铁七号线西延顺德段将美的大道、北滘公园、美的、南涌、锦龙、陈村、陈村北、大洲等8个站串联起来，成为一条新的风景线【连接方式】。截至1日20时【起止时间】，七号线西延段进站1.45万人次，出站1.56万人次【人流量】。发车间隔和运营组织与一期采用同样标准，每天高峰时段将上线18列车，行车间隔约5分半钟【车流量】。作为连接广佛的城市轨道交通大动脉，广州地铁七号线西延顺德段不仅将为顺德、番禺的居民带来新的出行选择，还将顺德拉入广州密集的城市轨道“一张网”中，让生活更加便利【评估结果】",NULL,"2023-05-23 00:35:22",NULL,"2024-01-18 07:00:22","0","0"
"31","109522030000000201","1095220300000002","北京市北京西站与大兴机场空间关系为相离【类型】，【距离】为58.8公里，西站位于机场北偏西15度方向【方位】，该空间关系下转乘时间较长【评估结果】",NULL,"2023-05-23 00:35:22",NULL,"2024-01-18 07:00:22","0","0"
"32","109522030000000202","1095220300000002","次渠嘉园小区1号楼和2号楼相离【类型】，【距离】20米，1号楼位于3号楼正东方【方位】，遮挡程度高【评估结果】",NULL,"2023-05-23 00:35:22",NULL,"2024-01-18 07:00:22","0","0"
"33","109533010000000001","1095330100000000","2022年2月4日至10日，24届冬奥会在北京举办，奥运会赛事媒体宣传报道从属于奥运会大事件【依据】，是奥运会大事件的宣传类组件【类型】，【功能】是对奥运赛事进行宣传，宣传报道对奥运会起着正面影响【评估结果】",NULL,"2023-05-23 00:35:22",NULL,"2024-01-18 07:00:22","0","0"
"34","109533010000000002","1095330100000000","2022年5月23日下午2点到4点，人员A到核酸点位开展核酸检测，该事件A包括身份证扫描B与唾液采集C两个子事件【依据】，B属于A的组件【类型】，【功能】是提供信息",NULL,"2023-05-23 00:35:23",NULL,"2024-01-18 07:00:22","0","0"
"35","109533020000000301","1095330200000003","2022年5月，上海交通大学保卫处安保队员蒋家杰收到了上海交大电子信息与电气工程学院硕士研究生的录取通知（一果）。2021年2月，28岁的蒋家杰入职上海交大保卫处技防科后，因为其相关经历，被委以常态化监控调阅、统计汇总数字化管理中的基础数据和闵行校区公共区域3000余台监控的巡检和维修保障工作，工作之余他保持着每天6小时左右的学习时长，并开始有序推进考研事项，其中处内领导、同事也对他做出了很大的支持（多因），最终他如愿收到录取通知书",NULL,"2023-05-23 00:35:23",NULL,"2024-01-18 07:00:22","0","0"
"36","109533020000000302","1095330200000003","2022年1月3日上午10点，长征西街与七一南路交叉口处，因醉酒驾驶发生车祸事故(一因)，事故发生后10分钟内交警到场协调解决（一果）【类型】，两个事件中因事件对果事件的【影响程度】高",NULL,"2023-05-23 00:35:23",NULL,"2024-01-18 07:00:22","0","0"
"37","109533030000000601","1095330300000006","2022年5月19日，阳性人员A经历了如下事件：网吧上网(事件A)、饭店吃饭(事件B)，A与B为前序关系【类型】，【相关性】较低",NULL,"2023-05-23 00:35:23",NULL,"2024-01-18 07:00:22","0","0"
"38","109533030000000602","1095330300000006","2008年5月12日，四川汶川发生大地震，地震中包含多个事件，如房屋倒塌(事件A)与房屋外墙脱落(事件B)，A为主要事件，B为次要事件【角色】，A与B均因地震导致【相关性】",NULL,"2023-05-23 00:35:23",NULL,"2024-01-18 07:00:22","0","0"
"39","109555010000000801","1095550100000008","自2012年9月5日京东科技成立以来【起止时间】，其作为一个子集团从属于京东集团，【汇报链】是单线汇报，京东集团对京东科技做考核评估（【评估结果】）",NULL,"2023-05-23 00:35:23",NULL,"2024-01-18 07:00:22","0","0"
"40","109555010000000802","1095550100000008","2020年9月18日【起止时间】，31个省（自治区、直辖市）和新疆生产建设兵团报告新增确诊病例14例，均为境外输入病例（广东6例，上海2例，四川2例，陕西2例，辽宁1例，福建1例）；无新增死亡病例；新增疑似病例1例，为境外输入病例（在上海）；【汇报链】是单线汇报，中央政府对各地区的疫情防控管控效果进行评估与指导【评估结果】",NULL,"2023-05-23 00:35:23",NULL,"2024-01-18 07:00:22","0","0"
"41","109555020000000b01","109555020000000b","市交通管理委员会领导市交管局，【类型】属于直接上级，管理集中在业务方面，由于还要汇报给省交管局，【汇报链】属于双线汇报，领导关系的【起止时间】这里同组织形成的时间一致，【权限范畴】包括交管局执法状态监管、操作规范等，【方式】包括定期检测、主动报送等，交管委可能以季度考核形式对交管局进行考核，【评估结果】如优秀、良好等",NULL,"2023-05-23 00:35:23",NULL,"2024-01-18 07:00:22","0","0"
"42","109555020000000b02","109555020000000b","疫情防控专班管理公安局/街道办/医院/经信局/企业等各其它组织，【类型】属于疫情防控专题下的虚线管理，范畴为疫情防控，汇报链为多线汇报（这些被管理的组织还有其他汇报上级），【起止时间】为疫情防控专班的起止时间，【权限范畴】包括物资生产、管控政策、检测要求、消杀措施等",NULL,"2023-05-23 00:35:23",NULL,"2024-01-18 07:00:22","0","0"
"43","109555030000000101","1095550300000001","经信局指导企业复工复产，从2020年疫情发生开始（【起止时间】），【频率】不定期，指导【范畴】是复工复产，【方式】包括政策发布（惠企政策发布会、线上政策文件）、定向通知（电话、邮件通知）、定期会晤（经开区复工复产大会），会评估复工复产的有序开展程度(【评估结果】），【价格】是免费，内容包括惠企政策、复工复产措施指导等",NULL,"2023-05-23 00:35:23",NULL,"2024-01-18 07:00:22","0","0"
"44","109555030000000102","1095550300000001","京东乡村振兴委员会指导京东城市业务，从委员会成立开始至今（【起止时间】），【频率】每月一次月会，指导【范畴】是乡村振兴业务，【方式】包括定期会晤、需求提报等，【价格】是免费，内容包括政策解读、业务研讨、关系协调",NULL,"2023-05-23 00:35:23",NULL,"2024-01-18 07:00:22","0","0"
"45","109555040000000401","1095550400000004","防疫专班与企业协作，【类型】涉及资源协作（企业生产物资）、技术协作（企业分析数据）、配合协作（企业组织核酸检测）、信息协作（企业数据支持），配合关系的【起止时间】从2022年1月 至今，【职责分工】防疫专班负责制定政策，提供需求，企业负责生产物资、技术支持、配合检测、提供数据等；另一方面企业可以提供物资需求，防疫专班负责协调物资来源，协作【目的】包括抗疫中的物资供给、密接分析、人员筛查、数据挖掘等，协作【方式】有政策执行、需求提报等方式，【进程】有完成、生产进度90%、核酸检测50%等取值，过程中配合默契、沟通通畅、协作及时、态度积极，协作【结果】包括物资、密接分析结果、核酸阳性发现等，通过企业产生社会效益、企业获得物资等方式进行成果划分",NULL,"2023-05-23 00:35:23",NULL,"2024-01-18 07:00:22","0","0"
"46","109555040000000402","1095550400000004","小学A与初中B联合办学，【类型】有资源协作（教学物资、师资）、配合协助（小升初直升）等，【起止时间】是在今年1月份两家签订协作协议开始，【目的】是九年一贯制上学，免升学考试，提升吸引力，协作【方式】包括物资共享、教师交流、政策优惠，协作【进程】为已完成，持续协作中，协作【状态】为配合良好，协作【结果】有提升教学水平、提高学生质量",NULL,"2023-05-23 00:35:23",NULL,"2024-01-18 07:00:22","0","0"
"47","109555050000000701","1095550500000007","教育机构A和B相互竞争，【类型】属于商业竞争，【起止时间】从2021年1月到5月A收购B结束，竞争的【目标】是用户（获取更多用户以抢占市场），【领域】属于教育行业，【方式】包括强化宣传、优化课程质量、课程价格战等，【状态】从僵持到A胜利（收购）",NULL,"2023-05-23 00:35:23",NULL,"2024-01-18 07:00:22","0","0"
"48","109555050000000702","1095550500000007","京东城市与友商竞争某市大数据平台项目，【类型】属于商业竞争，【起止时间】为19年1月至3月京东城市胜利为止，【目标】是项目（取得项目投标建设权），【领域】是智慧城市领域，竞争【方式】包括优化产品宣传、企业资源置换、客户关系等，【状态】从僵持到京东城市优势",NULL,"2023-05-23 00:35:23",NULL,"2024-01-18 07:00:22","0","0"
"49","109515010000000901","1095150100000009","郑总于2018年【起止时间】从无到有新建（【类型】）创立京东城市，【动因】致力于用AI和大数据打造智能城市，创立的【角色】是创始人，【资金来源】为京东集团，目前【进程】为已成立并在数十座城市成功开展业务，【价值】是极大加速了中国智慧城市行业发展进程",NULL,"2023-05-23 00:35:23",NULL,"2024-01-18 07:00:22","0","0"
"50","109515010000000902","1095150100000009","同学A正在作为合伙人【角色】创立一家私募基金，为了自己赚钱【动因】，【资金来源】为自由资金加金融租赁，目前在审批中【进程】，也促进了中国金融市场的发展【价值】，创立关系的【起止时间】从他与合伙人组织筹备开始到现在，【要求】是具备出资资本不少于5亿元",NULL,"2023-05-23 00:35:24",NULL,"2024-01-18 07:00:22","0","0"
"51","109515020000000c01","109515020000000c","张总从2022年4月底开始到现在【起止时间】作为部门负责人【职位】管理智能引擎组，他是通过内部调任的【任命方式】开始管理的，【管理范畴】包括部门的产品、支持的项目以及人员考核等，在业务方面的【权限大小】属于主要决策，在人事上配合上级领导和HR，属于参与决策，【酬劳】是以月度工资和年终奖，作为管理者也会被评估其管理【绩效】，包括360评估等方式",NULL,"2023-05-23 00:35:24",NULL,"2024-01-18 07:00:22","0","0"
"52","109515020000000c02","109515020000000c","张部长【职位】自2022年起【起止时间】通过领导任命【任命方式】担任现职，负责交通部常务工作【权限范畴】，拥有常务工作上的主要决策权【权限大小】，其工资待遇属于普通公务员工资【酬劳】，根据领导干部的考核评估方法被综合评估任职期间【绩效】",NULL,"2023-05-23 00:35:24",NULL,"2024-01-18 07:00:22","0","0"
"53","109515030000000201","1095150300000002","参考京me上信息，孙某某通过校招【入职方式】进入京东，起始于2019年八月，合同签订至20xx年【起止时间】，岗位是算法工程师【岗位】且属于Tx【职级】，属于劳动合同类型【用工性质】。目前负责完善城市知识体系等任务【职责】，每月X万元【薪酬】，从属期间享有五险一金、20元餐补、安居计划等员工福利【福利待遇】，年度【绩效】、360评估优秀，【办公地点】在亦庄总部，汇报给钧波总、郑总【汇报链】，入职要求包含学历、技术水平、身体状况等【要求】",NULL,"2023-05-23 00:35:24",NULL,"2024-01-18 07:00:22","0","0"
"54","109515030000000202","1095150300000002","山西省直机关主任科员【职级】需任副科级职务三年以上【要求】，通过内部晋升、组织推荐等方式【入职方式】，作为组织部科员【岗位】，日常工作包括日常接待、事务处理等【职责】，其与用人单位为签订劳动合同关系【用工性质】，劳资为每年xx元【薪酬】，员工福利包括五险一金、员工宿舍、参补等【福利待遇】，在省办公厅办工【办公地点】，汇报给处长【汇报链】",NULL,"2023-05-23 00:35:24",NULL,"2024-01-18 07:00:22","0","0"
"55","109515040000000501","1095150400000005","2021年4月【起止时间】，因郑总在智能城市领域做出的杰出贡献（抗疫、雄安、南通、雄安、广汉等项目）【主要贡献】，通过基层工会推荐、总工会审核的方式【评选方式】，被正部级【级别】的北京市总工会授予首都劳动奖章【激励方式，称号】",NULL,"2023-05-23 00:35:24",NULL,"2024-01-18 07:00:22","0","0"
"56","109515040000000502","1095150400000005","2012年10月【起止时间】，通过诺贝尔组委会评选【评选方式】，因在文学领域的成就【主要贡献】，作家莫言荣获诺贝尔文学奖【称号】这一世界级奖项【级别】和相应的奖金【激励方式】一千万瑞典克朗",NULL,"2023-05-23 00:35:24",NULL,"2024-01-18 07:00:22","0","0"
"57","109515050000000801","1095150500000008","自2020年开始疫情防控期间，核酸检测志愿者【类型】承担了大量防疫任务，他们通过培训达到任职【要求】，负责完成大量核酸检测任务【职责】，支持防疫人员筛查【产物价值】，通过志愿报名【招募方式】加入团队，【价值回报方式】是志愿者证书和劳务费，【工作强度】为10小时/天，每个人持续1个月，自2022年5月1日新招入，工作至2022年5月31日【起止时间】",NULL,"2023-05-23 00:35:24",NULL,"2024-01-18 07:00:22","0","0"
"58","109515050000000802","1095150500000008","企业A自2013年起【起止时间】通过主动邀请的方式【招聘】雇佣了【价值回报方式】富有经验的高级律师【要求】做企业法律顾问，顾问服务需对业务法律问题提供咨询服务【职责】，保障企业A业务的顺畅合法运行【价值】，在项目需要时需大量参与工作【工作强度】",NULL,"2023-05-23 00:35:24",NULL,"2024-01-18 07:00:22","0","0"
"59","109514010000000801","1095140100000008","2013年2月【起止时间】，刘云平担任设计冬奥吉祥物冰墩墩任务的总执行角色【角色】，吉祥物属于原创性【创意类型】，【产权归属】为冬奥组委，设计风格为【中国风】，设计创意【来源】于民间征集，引发群众对冬奥会的关注【影响】，获得优秀的【评估结果】，2018年11月时该项设计处于预调研阶段【进程】",NULL,"2023-05-23 00:35:24",NULL,"2024-01-18 07:00:22","0","0"
"60","109514010000000802","1095140100000008","2019年11月【起止时间】，人员A作为主要人员【角色】设计了智能红绿灯，并申请了发明专利【创意类型】，【产权归属】为个人所有，被评为优秀专利【评估结果】，得到了广泛的落地成果转化【影响】，2019年11月3日该项设计处于提交阶段",NULL,"2023-05-23 00:35:24",NULL,"2024-01-18 07:00:22","0","0"
"61","109514020000000b01","109514020000000b","2022年5月23日下午2点到4点【起止时间】，景德镇XX厂人员A【个体户】在家中，以纯手工方式【自动化水平】结合陶制【工艺】，使用陶炉【工具】制造瓷器，成本为300元，收益为1000元，下午3点15分，进度完成70%【进程】",NULL,"2023-05-23 00:35:24",NULL,"2024-01-18 07:00:22","0","0"
"62","109514020000000b02","109514020000000b","2022年5月23日下午2点到4点【起止时间】，京造代工厂工人A在工厂制造产品B，通过操作雕刻刀【工具】采用珐琅掐丝【工艺】开展生产活动，该制造过程是半自动的，成本为500元，可获取劳动报酬【收益】，【评估结果】为优秀，3点15分时该制造任务完成90%【进程】",NULL,"2023-05-23 00:35:24",NULL,"2024-01-18 07:00:22","0","0"
"63","109514030000000101","1095140300000001","京造代工厂工人A使用企业提供的可以大幅度提升组装效率的【动因】自动化工具，从2021年加入开始【起止时间】生产【类型】耳机时，无需花费使用【成本】，且需要经过培训达到一定的【技能要求】，可根据生产出的产品对工人使用工具的生产效率做出【评估】",NULL,"2023-05-23 00:35:24",NULL,"2024-01-18 07:00:22","0","0"
"64","109514030000000102","1095140300000001","司机A于2022年1月经过1个月培训考试通过【评估】后【起止时间】取得公交车驾驶证【技能要求】，为了挣钱谋生【动因】每天需要驾驶使用公交车，【类型】属于服务，无【成本】",NULL,"2023-05-23 00:35:24",NULL,"2024-01-18 07:00:22","0","0"
"65","109514040000000401","1095140400000004","某人A自22年1月在奔驰4S店【来源】购买【评估】至今【起止时间】拥有一辆汽车【类型】，用于上下班【用途】，即便不使用，也需要缴纳保险费、定期保养【拥有成本】，包含使用权和所有权",NULL,"2023-05-23 00:35:24",NULL,"2024-01-18 07:00:22","0","0"
"66","109514040000000402","1095140400000004","某人A花费xx元申请费【获取成本】后等到2021年1月授权生效【起止时间】获得专利局对某项专利的授权【来源】，可以用于获取许可使用费、提高个人技术影响力，每年缴纳逐年增加的专利授权费【拥有成本】，包括使用权和所有权【类型】",NULL,"2023-05-23 00:35:24",NULL,"2024-01-18 07:00:22","0","0"
"67","109514050000000701","1095140500000007","某人在拍卖行拍卖【方式】违法拍卖【评估】偷盗所得黄金手表，卖出【类型】获得现金【结果】2万元【价格】，实际收益【成本】为0，【权利类型】属于使用权，【动因】是销赃，【进程】是拍卖完成",NULL,"2023-05-23 00:35:25",NULL,"2024-01-18 07:00:22","0","0"
"68","109514050000000702","1095140500000007","赌王何鸿燊2003年【起止时间】通过国家文物局捐赠渠道【方式】免费【价格】捐赠【类型】猪首和马首铜像，受到广泛好评【结果】，其中这两件文物均是由何先生进过合法拍卖【评估】获得，最终何先生赢得拍卖【进程】并自付运费【成本】，大家都非常赞扬对于何先生为保护祖国文物作出的贡献【动因】",NULL,"2023-05-23 00:35:25",NULL,"2024-01-18 07:00:22","0","0"
"69","109514060000000a01","109514060000000a","交警2022年1月入职以来【起止时间】依据执法权【权力来源】对道路车辆进行直接【类型】管理，使用测速仪、执法记录仪(工具】监测车辆速度、记录管理过程，管理车辆的超速、违停等行为【权限范畴】，需要投入人力【成本】，主要通过现场监督执法的【方式】，保障交通安全有序运行【动因】，管理【措施】有开罚单、扣押车辆等，其【职责】是管理车辆的违章行为，保障交通顺利运行，【角色】是作为交警，由于执法期间发生失误遭到投诉，【评估】执法较差",NULL,"2023-05-23 00:35:25",NULL,"2024-01-18 07:00:22","0","0"
"70","109514060000000a02","109514060000000a","雄安郊野公园的项目经理【角色】负责项目交付前的项目进度、资源等项目管理工作【职责】，期间间接【类型】监管土壤感知设备，从2021年项目开始建设到交付【起止时间】，通过智能管理系统【工具】持续远程监测设备运行状态【方式】，并通知相关运维人员进行进一步排查和维修【措施】，花费0.1人月的人力【成本】，保障了郊野公园的持续良好【评估】运行【动因】",NULL,"2023-05-23 00:35:25",NULL,"2024-01-18 07:00:22","0","0"
"71","109514070000000001","1095140700000000","京东大厦的安保人员A【角色】属于京东员工【途径】，自2021年入职以来【起止时间】负责大厦12层的消防安全维护工作【类型】，每天一次定期【频次】使用检测【设备】检测大楼内所有消防设备的正常运行，保障火灾时的正常使用【动因】，获得工资【成本】，被【评估】绩效良好，【技能要求】熟悉消防设备",NULL,"2023-05-23 00:35:25",NULL,"2024-01-18 07:00:22","0","0"
"72","109514070000000002","1095140700000000","交通摄像头有某公司运维人员【角色，途径】负责生产和维护，在2022年5月1日【起止时间】发生故障，系统接收不到实时图像，【类型】属于修理或更换，【成本】为一次500元+设备跟换费用，【评估】其服务速度较慢但维修完成质量高，使用升降台、螺丝刀等基础【工具】进行维修，【动因】是设备调试，【技能要求】需要摄像头维修技术",NULL,"2023-05-23 00:35:25",NULL,"2024-01-18 07:00:22","0","0"
"73","109512010000000601","1095120100000006","2019年9月-2014年6月（【起止时间】），同学A在清华大学读本科（【类型】），自己缴纳住宿费（【驻留费用负担方式】）一个月5千元（【费用金额】），除寒暑假外都在校园常驻，【驻留周期】是每年9-1和2-6月，是为了读书就业",NULL,"2023-05-23 00:35:25",NULL,"2024-01-18 07:00:22","0","0"
"74","109512010000000602","1095120100000006","2022年5月（【起止时间】），北京卫健委设立（【驻留费用负担方式】-单位支付，【费用金额】-免费）多个常态化核酸监测点，并派驻疫情防控人员（【类型】-工作场所），工作人员每周7天轮换不间断驻留（【驻留周期】），加速了监测点周边的疫情筛查效率",NULL,"2023-05-23 00:35:25",NULL,"2024-01-18 07:00:22","0","0"
"75","109512010000000603","1095120100000006","2022年4月（【起止时间】），4批京东小哥“自杀式物流”驰援上海，【驻留费用负担方式】由公司承担，【费用金额】为免费，通过循环实现每天都有物流运输，持续几个月每天（【驻留周期】），【类型】属于外出派驻",NULL,"2023-05-23 00:35:25",NULL,"2024-01-18 07:00:22","0","0"
"76","109512020000000901","1095120200000009","3月10日晚8-10点【起止时间】，新冠确诊病例王某某与家人按照每周一次的习惯【频次】在后海酒吧就餐【行为】，进入花费基础消费200元【要求，成本】，用餐后【状态】导致疫情传播扩大【结果】。",NULL,"2023-05-23 00:35:25",NULL,"2024-01-18 07:00:22","0","0"
"77","109512020000000902","1095120200000009","2022年4月28日【起止时间】，越秀区新增1例新冠病毒核酸检测结果阳性人员在4月27日白云机场例行检查中发现新冠病毒核酸检测结果阳性【行为】，为机场工作人员，每周一、三、五机场上班【频次】，现居住在越秀区，已闭环转运至广州医科大学附属市八医院隔离治疗【结果，状态】，本次筛查将封控部分机场工作区【要求】，且相关费油均由地方政府承担【成本】。",NULL,"2023-05-23 00:35:25",NULL,"2024-01-18 07:00:22","0","0"
"78","109512030000000c01","109512030000000c","确诊病例于5月11日【起止时间】回家探亲【频次】乘坐T114途径常州，同车厢乘客存在感染风险【影响】。",NULL,"2023-05-23 00:35:25",NULL,"2024-01-18 07:00:22","0","0"
"79","109512030000000c02","109512030000000c","渣土车车辆京abcde每日【频次】都会多次运送途径经海路路口，于5月22日【起止时间】途径经时，由于超载、未按要求盖严，撒落垃圾，污染土壤【影响】。",NULL,"2023-05-23 00:35:25",NULL,"2024-01-18 07:00:22","0","0"
"80","109512040000000201","1095120400000002","为支持武汉抗议工作【动因】，中铁四局机电公司的建设工人在2020年2月3日-5日【起止时间】不分昼夜地参与建设武昌方舱医院，属于新建加改造【类型】，工人【角色】的工期【工期】被安排非常密集，工程必须按计划完成【进程】，最终验收也必须做到达标【评估】，建成之时即接收第一批病人，本次工程耗资巨大，且需要工人的雇佣成本也非常高【成本】，但是在非常多热心市民的免费出力情况下，任务如期完成！【进程】",NULL,"2023-05-23 00:35:25",NULL,"2024-01-18 07:00:22","0","0"
"81","109512040000000202","1095120400000002","为满足业务需要，2020年起【起止时间】京东集团总部三号楼开展建设工程【类型】，本次为适应业务发展的扩建项目【动因】，项目经理【角色】等部分岗位需要相关【执业资格】，实际进展相较于规定稍有落后【进程，工期】。但是根据合同规定，工期稍有推迟符合正常情况【评估】，同时，京东集团工作人员在保证安全、质量的前提，制定了详细的资金使用与管理制度，最大程度节省耗资【成本】。",NULL,"2023-05-23 00:35:25",NULL,"2024-01-18 07:00:22","0","0"
"82","109512050000000501","1095120500000005","某人A从售楼处花费100万元【获取成本】购买住房后【来源】，拥有房屋的所有权和使用权【类型】，用于居住或出租【用途】，同时需要对拥有的房屋缴纳契税【拥有成本】，拥有关系【评估】合法",NULL,"2023-05-23 00:35:25",NULL,"2024-01-18 07:00:22","0","0"
"83","109512050000000502","1095120500000005","农村土地由村集体合法【评估】免费【获取成本】【拥有成本】分配给农民【来源】，农民拥有土地的使用权【类型】，用于耕作以获取收益【用途】",NULL,"2023-05-23 00:35:26",NULL,"2024-01-18 07:00:22","0","0"
"84","109512060000000801","1095120600000008","二手房交易中，房屋所有者A在2022年5月【起止时间】为了变现投资【动因】以10万/平米的【价格】合法【评估】挂牌【方式】出让房屋产权及使用权【权利类型】，获取金钱收益【结果】，并给房产中介支付2%的佣金【成本】，现在处于出售中，暂未找到买家的状态【进程】",NULL,"2023-05-23 00:35:26",NULL,"2024-01-18 07:00:22","0","0"
"85","109512060000000802","1095120600000008","房屋所有者A本月【起止时间】出让使用权【权利类型】，委托给某地产中介【方式】并支付1%佣金和装修费用【成本】，可以在未来获得租赁费【结果】1万元/月【价格】，【动因】是为了闲置房屋带来额外收入，【进程】处于合同签订中，经【评估】合法",NULL,"2023-05-23 00:35:26",NULL,"2024-01-18 07:00:22","0","0"
"86","109512070000000b01","109512070000000b","22年5月【起止时间】北京疫情风险升高，为了阻隔外界风险接触面【动因】，社区人员对小区实行封闭式管理，只出不进【类型】属于直接管理，【权限范畴】包括出入小区、出入楼栋管理，【方式】主要是现场督办形式，使用的【工具】有消杀喷壶、防疫封条、摄像头等，其中社区管理员为落实社区层面防疫政策，可酌情适当加强人力、物力安排【成本】。经过社区居民与防疫人员的共同努力，疫情管控卓有成效。【评估结果】",NULL,"2023-05-23 00:35:26",NULL,"2024-01-18 07:00:22","0","0"
"87","109512070000000b02","109512070000000b","雄安新区规建局的管理员从19年起【起止时间】间接监管【类型】雄安各工地情况，使用摄像头、安全头盔感知设备、卡口传感器、工地智能化管理平台等【工具】，通过远程监控、文件审阅、定期抽检、现场督办等【方式】，以及监测、督导工地安全，其中工作执行人员主要为规建局工地监管员【角色】，其主要工作【权限范畴】包括监督工地管理者在合规设备操作、安全设施规范佩戴、危险物品规范处理等方面的管理情况，且他们拥有部分规建局机构赋予的权力【权力来源】，这部分的工作人员耗资是人力成本的组成成分之一【成本】",NULL,"2023-05-23 00:35:26",NULL,"2024-01-18 07:00:22","0","0"
"88","109512080000000101","1095120800000001","京东大厦的保洁人员A【角色】属于京东员工，自2021年入职以来（【起止时间】）负责大厦12层的保洁工作，每天一次【频次】使用清洁液、拖把、抹布等【工具】清洁消毒工作场所，保障正常卫生、保障环境疫情阴性【动因】，获得工资【成本】，被【评估】绩效良好，【技能要求】熟悉保洁工作",NULL,"2023-05-23 00:35:26",NULL,"2024-01-18 07:00:22","0","0"
"89","109512080000000102","1095120800000001","消防站的维护人员【角色】A从2021年1月入职以来【起止时间】负责维护消防车的通道顺畅无杂物，以保障消防车顺利出车【动因】，【类型】属于消防安全，属于所有方自行维护，【成本】包含在人员的人力成本中，领导定期检查【评估】没有杂物，使用常见的清洁和搬运【工具】，每日检查一次【频次】，【技能要求】无",NULL,"2023-05-23 00:35:26",NULL,"2024-01-18 07:00:22","0","0"
"90","109513010000000701","1095130100000007","2017年12月【时间】，陈杰人通过“杰人观察视角”公众号【工具】发表【角色】《添堵还是炫富？贵州毕节市在北京豪华酒店开扶贫报告会》等多篇文章，蓄意炒作【类型】毕节在北京召开扶贫招商会一事，给毕节市政府、金海湖管委会施压，促使请托人施某某与毕节市政府、金海湖管委会签订《毕节XX汽配城项目补充协议》，顺利拿到土地证【影响程度】。事后，陈杰人非法获利140万元",NULL,"2023-05-23 00:35:26",NULL,"2024-01-18 07:00:22","0","0"
"91","109513010000000702","1095130100000007","2020年12月19日【时间】，歌手张韶涵受邀【角色】现身湖北宜昌兴发商业广场的开幕活动现场演出【原因】，张韶涵在舞台上连唱两首歌曲后，工作人员上台与她交谈，随后张韶涵很遗憾的向歌迷告知：“刚才收到反馈，目前已引起交通瘫痪【影响程度】，出于对疫情防控工作需要，以及对现场观众的身体健康、安全出行等各方面因素的考虑，我要提前离场，对不起”。该事件为无意【类型】",NULL,"2023-05-23 00:35:26",NULL,"2024-01-18 07:00:22","0","0"
"92","109513020000000a01","109513020000000a","李教授因是人工智能领域权威学者【条件】，受邀【类型】作为特邀讲者【角色】在人工智能学术研讨会议发表主题演讲【方式】，考虑到学术推广及该会议的重要性【动因】，李教授接受该邀请，开会前一天李教授对演讲内容进行整合精炼【成本】，于2020年11月2日上午9点到11点【起止时间】参与该会议。通过参加该会议，李教授进一步扩大了自身的学术影响力【结果】",NULL,"2023-05-23 00:35:26",NULL,"2024-01-18 07:00:22","0","0"
"93","109513020000000a02","109513020000000a","2020年11月-12月【起止时间】，李某因为其优异的工作表现【条件】，被邀请【类型】参与项目A的共同建设，主要参与业务规划，并为团队提供相关业务指导【角色，方式】，考虑到该项目对于自身业务成长的促进作用【动因】，李某接受了该邀请，最终李某出色的完成了相关任务，并获得晋升机会【结果】",NULL,"2023-05-23 00:35:26",NULL,"2024-01-18 07:00:22","0","0"
"94","109513030000000001","1095130300000000","2020年11月2日上午10点整，某市道路A发生两车相撞事故，事故发生5分钟内【响应时间】，交警与警保联动工作人员一起赶赴现场【方式】，经询问得知周某倒车时与金某停放的轿车发生碰撞。警保联动工作人员现场评估定损，并联系保险公司进行理赔。从事故发生到定损理赔【结果】，全程只用了20分钟，该事故的处置【起止时间】为10.05-10.20，【进程】为处置完成",NULL,"2023-05-23 00:35:26",NULL,"2024-01-18 07:00:22","0","0"
"95","109513030000000002","1095130300000000","日前，三亚12345接到市民投诉称，三亚动车站站前设置的低栏杆存在安全隐患。但因栏杆权属不清，该问题辗转多部门均未得到解决。2022年5月19日下午【响应时间】，三亚市12345政府服务热线管理办公室牵头组织召开现场协调会【方式】，三亚市交通运输局、市交警支队、三亚交通投资集团有限公司、三亚动车站、吉阳区执法局、吉阳区住建局等多部门参与，就“绊脚”栏杆权属问题、修缮方案展开了讨论。经过现场多方核实、反复协商决定继续保留低栏杆，并由吉阳区住建局进行修缮，重新刷漆、贴上反光条、增强夜间照明【结果】。5月21日，吉阳区住建局及时修缮，目前被投诉栏杆已重新“安全上岗”【进程】",NULL,"2023-05-23 00:35:26",NULL,"2024-01-18 07:00:22","0","0"
"96","109513040000000301","1095130400000003","2020年6月【时间】，开化县交通运输局在联合多家单位开展专项检查行动后，再组织人力实行24小时值班监管【类型，频次】，灵活运用重点营运车辆联网联控系统、浙江省危化物流管控子系统、浙江省运政信息系统等软件【工具】，对辖区内危化品运输企业实行动态远程监控【方式】，对企业专职监控员是否在岗、责令停运的重点车辆是否违规行驶等信息进行24小时监督【权限范畴】",NULL,"2023-05-23 00:35:26",NULL,"2024-01-18 07:00:22","0","0"
"97","109513040000000302","1095130400000003","为保障网络信息安全【类型，权限范畴】，网信办工作人员借助舆情监测系统【工具】，并安排人工24小时轮值【成本，】，全面实时【频次】远程监测【方式】包括新闻、论坛、博客、微博等全网舆情数据，设定特定舆情告警规则，一旦触发告警机制【评估结果】，通过邮件、弹窗、微信、短信等形式告警，早发现早响应，获取舆论主导权",NULL,"2023-05-23 00:35:26",NULL,"2024-01-18 07:00:22","0","0"
"98","109554010000000701","1095540100000007","公司A自主研发的自动化【自动化水平】的生产线于2020年7月落地使用后，产量得到了迅速提升，每个月的产量可达3000台，包括AGV机器人、自动化打包装等【工具】，且降低了生产成本，原1人1天生产1台，现1人一天可生产1.5台【成本】。2020年11月【起止时间】，目标产量3200台【目标产量】，实际生产3500台【实际产量】，超额【评估结果】完成生产任务",NULL,"2023-05-23 00:35:26",NULL,"2024-01-18 07:00:22","0","0"
"99","109554010000000702","1095540100000007","传统手工企业A结合数字化软件工具（如绘图软件）【工具】，建设半自动化【自动化水平】的手工作坊。在当前工艺下，每件手工品需3人时【成本】，每月目标2千件【目标产量】，2020年3月【起止时间】，实际生产2500件【实际产量】，超额【评估结果】完成生产任务",NULL,"2023-05-23 00:35:26",NULL,"2024-01-18 07:00:22","0","0"
"100","109554020000000a01","109554020000000a","公司A于2018年7月30日基于生产需求【用途】购入【来源】一批生产设备B（20台），花费约200万【获取成本】，拥有的起止时间即2018年7月30日至今【起止时间】，期间维护设备花费50万元【拥有成本】，购买过程合法【评估结果】",NULL,"2023-05-23 00:35:27",NULL,"2024-01-18 07:00:22","0","0"
"101","109554020000000a02","109554020000000a","2018年7月，公司A当月生产【来源】产品B 两万件，购买原料花费50万元【获取成本】，卖出【用途】其80%，剩余产品B 4千件，即其中1.6万件产品的被拥有【起止时间】为其生产到卖出的时间，剩余未卖出产品存放于库房内花费租金5千元【拥有成本】，生产过程及产品质量合法【评估结果】",NULL,"2023-05-23 00:35:27",NULL,"2024-01-18 07:00:22","0","0"
"102","109554030000000001","1095540300000000","公司A为扩展业务进行融资【动因】，于2018年11月6日【开始时间】开始办理股权出质【类型】，出质股权所有权【权力类型】，拟贷款【方式】5千万【价格】，经过一系列的手续流程【评估结果，合法流程】后，于20日【结束时间】办理完成【进程】，最终获得贷款资金【结果】",NULL,"2023-05-23 00:35:27",NULL,"2024-01-18 07:00:22","0","0"
"103","109554030000000002","1095540300000000","疫情期间众志成城【动因】，公司A于2020年3月【起止时间】为武汉免费捐赠【方式】防疫物资【类型】达两千万【价格】,捐赠物品归当地红十字会所有【权利类型】，整体流程合法合规【评估结果】，捐赠结束后【进程】，获得了社会各界的认同【结果】",NULL,"2023-05-23 00:35:27",NULL,"2024-01-18 07:00:22","0","0"
"104","109554040000000301","1095540400000003","每天6点到21点【起止时间】，社区相关工作人员对社区周边停车车辆进行直接管理【类型】，主要负责检查、指导停车规范【权限】，通过手机等设备【工具】对不规范问题进行拍照留存及相互配合联系【方式】，并联系相关业主对停车问题进行处理",NULL,"2023-05-23 00:35:27",NULL,"2024-01-18 07:00:22","0","0"
"105","109554040000000302","1095540400000003","每天9点到18点【起止时间】，公司A质量检测组借助红外探测仪等质检工具【工具】对生产产品B进行质量把关【权限、类型】，方式主要为批次抽检【方式】。每月进行3批次质量检测，每批次约需8人时【成本】",NULL,"2023-05-23 00:35:27",NULL,"2024-01-18 07:00:22","0","0"
"106","109554050000000601","1095540500000006","公司A IT技术部门定期【起止时间】对公司内使用超过3年的电脑设备进行统一更换维修【类型】，主要检查性能问题，并对相关硬软件进行升级更新【范围】。【角色】为所有者，【工具】包括问题检测软件、及需更新的软硬件。一部电脑的维护成本为3人时【成本】",NULL,"2023-05-23 00:35:27",NULL,"2024-01-18 07:00:22","0","0"
"107","109554050000000602","1095540500000006","公司A接到公司B的设备维护需求，于2020年8月3日-4日【起止时间】，对公司B的厂区的设备C进行更新维护【类型】，主要检查性能问题，并对相关软硬件进行升级更新【范围】，【角色】为第三方，【工具】包括质检设备、及需更新的软硬件。维修成本约为16人时【成本】，最后由公司B相关人员对维护结果进行评估验收【评估结果】",NULL,"2023-05-23 00:35:27",NULL,"2024-01-18 07:00:22","0","0"
"108","109554060000000901","1095540600000009","公司A为筹备及宣传活动【来源】，于2018年6月到9月【起止时间】，就活动logo设计方案发起公开招标【职责】，要求原创【类型】、中国风【风格】，投标需完成草图和细化【进程】，引起广泛关注【影响】，由专业及大众评审进行评估，前三名方案均有一定的奖励",NULL,"2023-05-23 00:35:27",NULL,"2024-01-18 07:00:22","0","0"
"109","109554060000000902","1095540600000009","2018年6月到9月【起止时间】，设计公司B参加公开设计大赛【来源，职责】，根据其原创【类型】、现代派【风格】等设计要求，提交设计作品结果图【进程】，在比赛中等级为优秀，排名第二【评估结果】，广受好评【影响】",NULL,"2023-05-23 00:35:27",NULL,"2024-01-18 07:00:22","0","0"
"110","109554070000000c01","109554070000000c","公司A应中标项目要求，项目执行期间【起止时间】，组织施工队使用起重机等设备【类型】进行工地建设，通过数字化设施高效完成项目【动因】，最终如期、高质量完成【评估】",NULL,"2023-05-23 00:35:27",NULL,"2024-01-18 07:00:22","0","0"
"111","109554070000000c02","109554070000000c","公司B为了提升工作效率【动因】，于2020年1月-11年【起止时间】完成一版自研办公产品【类型】，内部员工日常使用自研产品进行交流协作，大幅度提升工作效率【评估】",NULL,"2023-05-23 00:35:27",NULL,"2024-01-18 07:00:22","0","0"
"112","109552010000000501","1095520100000005","2015年8月16日，京东亦庄总部大楼【类型，办公用地】正式启用【驻扎】，是斥资10亿【费用金额】自建【驻扎费用负担方式】完成，其驻扎【起止时间】即2015年8月16日至今，促进了周边经济发展【影响】",NULL,"2023-05-23 00:35:27",NULL,"2024-01-18 07:00:22","0","0"
"113","109552010000000502","1095520100000005","奶茶店A为了拓展业务，于2018年8月16日在商业大厦B租赁【驻扎费用负担方式】其中一间工作室作为办公场所【类型】，租期2年，租金为2万/年【费用金额】，其当前驻扎【起止时间】即2018年8月16日-2020年8月16日",NULL,"2023-05-23 00:35:27",NULL,"2024-01-18 07:00:22","0","0"
"114","109552020000000801","1095520200000008","2017年8月16日至2018年8月16日【起止时间】，历时一年，从2017年8月16日开始打地基，到2018年8月验收【工期】，工程项目B建设完成【进程】，该项目是公司A中标的项目【类型、动因】，最终履行合同如期、高质量【质量、评估】完成",NULL,"2023-05-23 00:35:27",NULL,"2024-01-18 07:00:22","0","0"
"115","109552020000000802","1095520200000008","2019年7月【开始时间】，建设公司A为满足业务需求打算建设临时办公用地【动因、类型】，目前进度80%【进程】，预计2019年8月16日完成【工期】，执行至今，计划如期高质量进行【评估、质量】",NULL,"2023-05-23 00:35:27",NULL,"2024-01-18 07:00:22","0","0"
"116","109552030000000b01","109552030000000b","2018.03.23，公司A为自身建设【用途】以2千万元【获取成本】中标【来源】获得土地B的合法使用权（四十年）【类型】，整体流程合法进行。该土地使用权的拥有【起止时间】为2018.03.23-2058.03.23，截止目前开发成本以花费100万元【拥有成本】",NULL,"2023-05-23 00:35:28",NULL,"2024-01-18 07:00:22","0","0"
"117","109552030000000b02","109552030000000b","2018.03.23，公司A因为业务扩展需求【用途】，在拍卖【来源】中以25万元【获取成本】拍得荒山B的合法30年经营权【类型】，截至目前开发成本15万元【拥有成本】，整体流程合法进行。该经营权的拥有【起止时间】为2018.03.23-2048.03.23",NULL,"2023-05-23 00:35:28",NULL,"2024-01-18 07:00:22","0","0"
"118","109552040000000101","1095520400000001","城市A土地管理部门为了本地经济发展【动因】，将土地B使用权【权利类型】进行招标【方式】出让【类型】，经过一系列合法【评估结果】手续流程，于2018年12月12日【时间】与公司B正式签署出让合同【进程】，出让【结果】为30万",NULL,"2023-05-23 00:35:28",NULL,"2024-01-18 07:00:22","0","0"
"119","109552040000000102","1095520400000001","基于业务需求【动因】，房地产公司将房屋使用权【权利类型】进行出售【类型、方式】，不同户型定价不同【结果】。2018年12月【起止时间】，当月房屋预售【进程】2000套，按照合法手续流程【评估结果】，收取预售定金",NULL,"2023-05-23 00:35:28",NULL,"2024-01-18 07:00:22","0","0"
"120","109552050000000401","1095520500000004","2020年1月-11月【起止时间】，为了高效监管项目状态【权限范畴】，公司A花费2万元【成本】利用BIM平台【工具】，通过虚拟施工仿真与演练【方式】，提前发现设计、施工等方面存在的问题，优化施工方案，形成工程建设领域的“先试后造”模式，实现质量管理数字化、精细化【类型】，执行力强【评估结果】，确保了建设工作顺利进行",NULL,"2023-05-23 00:35:28",NULL,"2024-01-18 07:00:22","0","0"
"121","109552050000000402","1095520500000004","公司A对其自建办公大楼进行24小时【起止时间】直接安全管理【类型、权限范畴】，通过闸机等【工具】、安保人员现场值班监督【方式】等，保障办公区域的安全，管理水平较高【评估结果】，花费5万元【成本】",NULL,"2023-05-23 00:35:28",NULL,"2024-01-18 07:00:22","0","0"
"122","109552060000000701","1095520600000007","为保障环境质量，公司A打算对办公大楼附近的绿化【类型】进行维护改造，通过洽谈交流，与第三建设方【角色】达成交易（建设成本50万【成本】），于2018年6月到7月【起止时间】进行绿化改造，维护过程中涉及挡板、修剪机等【工具】。目前维护进度为80%，建设按照计划、高质量推进中【评估】",NULL,"2023-05-23 00:35:28",NULL,"2024-01-18 07:00:22","0","0"
"123","109552060000000702","1095520600000007","公司A【角色：所有方】雇佣清洁人员对办公区域进行定时【起止时间】清扫【类型】，包括消毒液、毛巾等清洁【工具】，巡检人员对其清扫质量进行【评估】",NULL,"2023-05-23 00:35:28",NULL,"2024-01-18 07:00:22","0","0"
"124","109553010000000601","1095530100000006","2022年5月18日【时间】，增加品牌影响力推进政府合作【动因】，京东科技在无锡市经开区太湖湾信息技术产业园作为主办方【职责】参加京东科技数智供应链助力产业新增长沙龙，为推动产业增长【目的】，目前与无锡经开区已合作建成“京东智能城市（长三角）数字经济创新基地”【行为】，极大影响了本地高科技产业集聚和人才集聚【影响】",NULL,"2023-05-23 00:35:28",NULL,"2024-01-18 07:00:22","0","0"
"125","109553010000000602","1095530100000006","2022年5月22日【时间】，因北京【地点】疫情持续爆发【动因】，北京市卫健委作为主办方【职责】召开北京市疫情防控第342场发布会，为了控制疫情【目的】，持续进行密接排查和区域核酸筛查【行为】，将管控措施常态化进行，此举措将直接影响全北京人民生活工作【影响程度】",NULL,"2023-05-23 00:35:28",NULL,"2024-01-18 07:00:22","0","0"
"126","109553020000000901","1095530200000009","2022年3月【起止时间】，因近期西伯利亚寒流影响，我国东北地区出现大面积降温，部分地区出现大雪，A农产品公司因农作物被大面积【程度】冻伤，产生部分经济损失【类型】１千万【结果】",NULL,"2023-05-23 00:35:28",NULL,"2024-01-18 07:00:22","0","0"
"127","109553020000000902","1095530200000009","2021年7月中下旬【起止时间】，因A某乱扔扔烟头导致特大山火，一村庄收到严重影响【程度】，受灾任人数398人，直接经济损失【类型】约1200.6万元【结果】，此次事件A某负全责",NULL,"2023-05-23 00:35:28",NULL,"2024-01-18 07:00:22","0","0"
"128","109553030000000c01","109553030000000c","2022年5月1日【时间】，12345办事处，通过线上【方式】系统【工具】接收【流程】群众上报垃圾堆放事件，经核实，北京致远公司存在建筑垃圾乱放的中等违规【评估结果】操作，已移交【状态】城管局进行罚款【结果】处理",NULL,"2023-05-23 00:35:28",NULL,"2024-01-18 07:00:22","0","0"
"129","109553030000000c02","109553030000000c","2022年3月21日【时间】，交通局在线下【方式】卡点检查【流程】时发现京ASFFRR车主存在酒驾违规【评估结果】行为，情节严重，已移交【状态】公安局进行处罚【结果】",NULL,"2023-05-23 00:35:28",NULL,"2024-01-18 07:00:22","0","0"
"130","109553040000000201","1095530400000002","2022年1月-3月【时间】冬奥会期间，冬奥保障【职责】组通过区域摄像头【工具】视频监控进行远程【方式】状态监管【权限范畴】，保证冬奥会期间场地、人员安全【评估】",NULL,"2023-05-23 00:35:28",NULL,"2024-01-18 07:00:22","0","0"
"131","109553040000000202","1095530400000002","2022年1月-5月【时间】，交警大队作为道路交通监管方【职责】【权限范畴】，通过线上系统，包括测速仪【工具】、摄像头登，远程监管【方式】道路违规事件，维护交通安全稳定【评估】",NULL,"2023-05-23 00:35:28",NULL,"2024-01-18 07:00:22","0","0"
"132","109534010000000101","1095340100000001","马王堆汉墓于1972～1974年【起止时间】先后进行3次考古发掘，出土的古籍记载【类型】了不少当时的历史事件，包括《战国策》。马王堆汉墓的发现，为研究汉代初期埋葬制度、手工业和科技的发展及长沙国的历史、文化和社会生活等方面提供了重要资料【影响】",NULL,"2023-05-23 00:35:28",NULL,"2024-01-18 07:00:22","0","0"
"133","109534010000000102","1095340100000001","2014年4月16号上午8时58分至上午11时左右【起止时间】，伴随【类型】着韩国世越号客轮在海上完全沉没，304人失去了生命【影响】",NULL,"2023-05-23 00:35:29",NULL,"2024-01-18 07:00:22","0","0"
"134","109534020000000401","1095340200000004","2022年2月4日 至 2022年2月20日【起止时间】，超高速4K轨道摄像机系统“猎豹”在速度滑冰赛事中发挥着重要作用【重要性】，它可根据直播需要，实现加速、减速和超越等动作，从而更加灵活和随意地捕捉速滑比赛中的各种场面【作用】",NULL,"2023-05-23 00:35:29",NULL,"2024-01-18 07:00:22","0","0"
"135","109534020000000402","1095340200000004","自2019年底至今【起止时间】，口罩已经成为人们日常抵御新冠病毒的必备工具【重要性】，因其可以达到阻挡有害的气体、气味、飞沫、病毒等物质的作用【作用】",NULL,"2023-05-23 00:35:29",NULL,"2024-01-18 07:00:22","0","0"
"136","109534030000000701","1095340300000007","2020年春节期间【起止时间】，受突如其来的新冠疫情和口罩日产能不足的影响【原因】，直接造成【方式】口罩成为了那年春节期间被疯抢的“年货”【结果】。并且引发了较大范围【程度】的连锁反应，例如中国纺织品商业协会紧急协调推动生产企业春节期间复工复产、北京济民康泰大药房有限责任公司丰台区第五十五分店坐地起价和售卖假口罩等",NULL,"2023-05-23 00:35:29",NULL,"2024-01-18 07:00:22","0","0"
"137","109534030000000702","1095340300000007","在过去的2021年【起止时间】，受部分房企暴雷影响【原因】，直接造成【方式】部分房屋被延迟交付或有条件交付【结果】，引发了一系列较大【程度】连锁反应，例如业主拉横幅维权等",NULL,"2023-05-23 00:35:29",NULL,"2024-01-18 07:00:22","0","0"
"138","109534030000000703","1095340300000007","在过去的2021年【起止时间】，受持续降雨的影响【原因】，直接造成【方式】山东聊城露地生产的菠菜被浸泡了，无法及时安排农民补种它们【结果】。彼时只有辽宁等地的少数大棚菠菜可以上市，影响范围较大【程度】，供应量急剧下降，导致蔬菜价格上涨",NULL,"2023-05-23 00:35:29",NULL,"2024-01-18 07:00:22","0","0"
"139","109524010000000b01","109524010000000b","工作日的早晨8点半至9点半左右【起止时间】，京东总部大厦1号楼C座门口相邻【类型】100米【距离】的西北方向【方位】总会驻留大批员工车辆和社会车辆。",NULL,"2023-05-23 00:35:29",NULL,"2024-01-18 07:00:22","0","0"
"140","109524010000000b02","109524010000000b","2022年5月【起止时间】，水晶公园广场里【类型】东南方【方位】距公园中心300米【距离】的空地停了一架直升机。",NULL,"2023-05-23 00:35:29",NULL,"2024-01-18 07:00:22","0","0"
"141","109524010000000b03","109524010000000b","自2022年5月4日起【起止时间】，经海路地铁站站口【类型】东北方向【方位】50米范围内【距离】将增加共享单车的投放。",NULL,"2023-05-23 00:35:29",NULL,"2024-01-18 07:00:22","0","0"
"142","109524020000000101","1095240200000001","2020年3月1日下午3点【起止时间】，47公交车经停【动因】经海路公交站台，站台支撑了公交车停靠【类型】，合理停留30秒后开走【状态】",NULL,"2023-05-23 00:35:29",NULL,"2024-01-18 07:00:22","0","0"
"143","109524020000000102","1095240200000001","2022年4月3日【起止时间】，危化品车辆沪AHHHII在长城工业区驻留【动因】，工业区支撑了车辆停靠【类型】，此驻留并未提前申请运单，属于异常驻留【状态】",NULL,"2023-05-23 00:35:29",NULL,"2024-01-18 07:00:22","0","0"
"144","109524020000000103","1095240200000001","自1958年5月1日至今【起止时间】，人民英雄纪念碑一直伫立【状态】在北京天安门广场中心，天安门广场支撑着人民英雄纪念碑【类型】，它是中华人民共和国政府为纪念中国近现代史上的革命烈士而修建的纪念碑【动因】",NULL,"2023-05-23 00:35:29",NULL,"2024-01-18 07:00:22","0","0"
"145","109524030000000401","1095240300000004","2022年5月23日【起止时间】，利民小区旁的加油站以8.4元/升【价格】的价格给京SDJFAIN车进行了燃料补充【类型】",NULL,"2023-05-23 00:35:29","admin","2024-01-18 07:00:22","1","0"
"146","109524030000000402","1095240300000004","2022年5月23日【起止时间】，利京东洗车店以50元/次【价格】的价格给京SDJFAIN车进行了洗车保养【类型】",NULL,"2023-05-23 00:35:29","admin","2024-01-18 07:00:22","1","0"
"147","109523010000000a01","109523010000000a","2014年12月31日23时35分左右【起止时间】，正值跨年夜活动，因很多游客市民聚集在上海外滩迎接新年，上海市黄浦区外滩陈毅广场东南角通往黄浦江观景平台的人行通道阶梯处底部【相对位置】有人失衡跌倒，继而引发多人摔倒、叠压，致使拥挤踩踏事件发生，造成36人死亡，49人受伤",NULL,"2023-05-23 00:35:29",NULL,"2024-01-18 07:00:22","0","0"
"148","109523010000000a02","109523010000000a","2022年5月24日11点40分左右【起止时间】，贵阳市花溪区思杨路发生一起车祸，两名男子从思杨路附近的交叉路口穿马路到对面，走到马路中间【相对位置】就被面包车撞了，两人瞬间被撞倒",NULL,"2023-05-23 00:35:30",NULL,"2024-01-18 07:00:22","0","0"
"149","109523020000000001","1095230200000000","2022年2月4日 至 2022年2月30日【起止时间】，在北京冬奥会期间，张家口崇礼太子城地区辅助【角色】北京市承办了北京冬奥会雪上项目的比赛【动因】，为此张家口赛区修建了云顶滑雪公园、国家跳台滑雪中心、国家越野滑雪中心和国家冬季两项中心等四个竞赛场馆【方式】",NULL,"2023-05-23 00:35:30",NULL,"2024-01-18 07:00:22","1","0"
"150","109523020000000002","1095230200000000","截至2021年底【起止时间】，北京道路测试安全行驶里程累计已超过3911694 公里，连续3年保持增长，处于全国领先地位。北京经济技术开发区开放了部分道路作为自动驾驶车辆测试道路【动因】，辅助了【角色】北京市自动驾驶车辆的技术测试。上道路测试的自动驾驶车辆应当取得临时行驶车号牌，并在指定的道路进行测试【方式】",NULL,"2023-05-23 00:35:30",NULL,"2024-01-18 07:00:22","1","0"
"151","109523030000000301","1095230300000003","2017年8月23日15时左右【起止时间】，受台风“天鸽”影响，珠海市香洲区金海湾花园地下车库出现海水倒灌，部分群众被困【结果】。由于物业【责任方】防汛措施不及时，导致地下车库积水浑浊不清，水下障碍物多，逃生通道被毁【类型】，使得救援难度较大【程度】。军地领导仔细研判后，组织蛙人下水营救，经过10余次反复下潜，最终发现生命迹象，军地联手成功营救出数名群众",NULL,"2023-05-23 00:35:30",NULL,"2024-01-18 07:00:22","0","0"
"152","109523030000000302","1095230300000003","2022年5月【起止时间】，北京房山区阳城环路1号的韵达快递长阳分部存在外来人员进入工作多日并确诊阳性情况。从而导致发生聚集性疫情【结果】，威胁【类型】了周边居民的身体健康，情节十分严重【程度】。目前，承包经营韵达快递长阳分部的北京顺江得运输有限公司【责任方】已被公安机关以涉嫌妨害传染病防治罪立案侦查",NULL,"2023-05-23 00:35:30",NULL,"2024-01-18 07:00:22","0","0"
"153","109523010000000a03","109523010000000a","2022年2月4日 至 2022年2月30日【起止时间】，在北京冬奥会期间，张家口崇礼太子城地区辅助北京市承办了北京冬奥会雪上项目的比赛【原因】，为此张家口赛区修建了云顶滑雪公园、国家跳台滑雪中心、国家越野滑雪中心和国家冬季两项中心等四个竞赛场馆【相对位置】",NULL,"2023-08-16 01:33:36",NULL,"2024-01-18 07:00:22","0","0"
"154","109523010000000a04","109523010000000a","截至2021年底【起止时间】，北京道路测试安全行驶里程累计已超过3911694 公里，连续3年保持增长，处于全国领先地位。北京经济技术开发区开放了部分道路作为自动驾驶车辆测试道路【原因】，辅助了北京市自动驾驶车辆的技术测试。上道路测试的自动驾驶车辆应当取得临时行驶车号牌，并在指定的道路进行测试【相对位置】",NULL,"2023-08-16 01:36:31",NULL,"2024-01-18 07:00:22","0","0"
"155","109555010000000803","1095550100000008","市交通管理委员会领导市交管局，【类型】属于直接上级，管理集中在业务方面，由于还要汇报给省交管局，【汇报链】属于双线汇报，领导关系的【起止时间】这里同组织形成的时间一致，【权限范畴】包括交管局执法状态监管、操作规范等，【方式】包括定期检测、主动报送等，交管委可能以季度考核形式对交管局进行考核，【评估结果】如优秀、良好等","zstx","2023-11-30 01:19:25","system_user","2024-01-18 07:00:22","0","0"
"156","109555030000000103","1095550300000001","疫情防控专班指导公安局/街道办/医院/经信局/企业等各其它组织，【类型】属于疫情防控专题下的虚线管理，范畴为疫情防控，汇报链为多线汇报（这些被管理的组织还有其他汇报上级），【起止时间】为疫情防控专班的起止时间，【权限范畴】包括物资生产、管控政策、检测要求、消杀措施等","zstx","2023-11-30 01:22:08","zstx","2024-01-18 07:00:22","0","0"
"157","109514080000000a01","109514080000000a","购物意向，如加入购物车、逛街选购等。尚未购买，对比选择的过程涉及到人物意向关系。","admin","2024-01-17 08:24:12","system_user","2024-01-18 07:01:00","0","0"
"158","109515060000000301","1095150600000003","求职意向等，人与组织尚未建立从属等关系，双方互相沟通的过程涉及人组织意向关系","admin","2024-01-17 08:26:27","system_user","2024-01-18 07:01:00","0","0"
"159","109512080000000a01","109512080000000a","选购房屋等，尚未购买，甚至未到访房屋，涉及人地意向关系","admin","2024-01-17 08:31:07","system_user","2024-01-18 07:01:00","0","0"
"160","109511090000000701","1095110900000007","如预约拜访、求婚等过程，尚未建立协作、婚姻等关系，涉及人人意向关系","admin","2024-01-17 08:34:06","system_user","2024-01-18 07:01:00","0","0"
"161","109513070000000001","1095130700000000","如意向参加演唱会等","admin","2024-01-17 08:35:08","system_user","2024-01-18 07:01:00","0","0"
"162","1095110a000000060101","1095110a00000006","社区人员摸排过程中需要对老年人及幼童等人员进行登记，年轻人A作为老年人B的直系亲属【类型】，代替B做信息登记，登记信息显示，A、B为父子关系，A称B为父亲【称谓】","admin","2024-04-23 11:56:23","system_user","2024-04-23 11:56:23","0","0"
"163","109554050000000603","1095540500000006","2022年5月23日【起止时间】，利民小区旁的加油站以8.4元/升【价格】的价格给京SDJFAIN车进行了燃料补充【类型】","admin","2024-05-18 14:24:10","system_user","2024-05-18 14:24:10","0","0"
"164","109554050000000604","1095540500000006","2022年5月23日【起止时间】，利京东洗车店以50元/次【价格】的价格给京SDJFAIN车进行了洗车保养【类型】","admin","2024-05-18 14:24:25","system_user","2024-05-18 14:24:25","0","0"
"165","10954406000000060101","1095440600000006","车和车的行驶证","qidekang","2024-08-11 23:41:26","system_user","2024-08-11 23:41:26","0","0"
"166","10952404000000070101","1095240400000007","房产与房产证书","qidekang","2024-08-11 23:52:58","system_user","2024-08-11 23:52:58","0","0"
