"id","expression_code","category_code","expression_content","property_code","parent_expression_code","expression_level","serial_number","create_user","create_time","modify_user","modify_time","del_stat","version_no"
"1","1095110230001007","1095110200000008","竞争对手","109511023000000b",,"0","999","system_user","2024-01-11 16:27:54","system_user","2024-01-12 15:05:59","0","1"
"1182","1066030000d01003","105503000000000a","发生时间","1065030000d0000b","1065030000d0000b","1","999","admin","2024-01-16 15:51:08","admin","2024-04-29 08:30:45","1","0"
"1183","1066030000d0200c","105503000000000a","开始时间","1065030000d0000b","1065030000d0000b","1","999","admin","2024-01-16 15:52:19","system_user","2024-04-29 08:30:45","1","0"
"1184","1066030000d03008","105503000000000a","结束时间","1065030000d0000b","1065030000d0000b","1","999","admin","2024-01-16 15:52:31","system_user","2024-04-29 08:30:45","1","0"
"1185","1066030000d04004","105503000000000a","创建时间","1065030000d0000b","1065030000d0000b","1","999","admin","2024-01-16 15:52:47","system_user","2024-04-29 08:30:45","1","0"
"1186","1066030000d05000","105503000000000a","截止时间","1065030000d0000b","1065030000d0000b","1","999","admin","2024-01-16 15:52:58","system_user","2024-04-29 08:30:45","1","0"
"1187","1066030000d06009","105503000000000a","发送时间","1065030000d0000b","1065030000d0000b","1","999","admin","2024-01-16 15:53:10","system_user","2024-04-29 08:30:45","1","0"
"1188","1066030000d07005","105503000000000a","办结时间","1065030000d0000b","1065030000d0000b","1","999","admin","2024-01-16 15:53:20","system_user","2024-04-29 08:30:45","1","0"
"1189","106602000140100a","1055020000000009","经度","1065020001400005","1065020001400005","1","999","admin","2024-01-16 16:03:20","system_user","2024-06-03 07:01:56","1","0"
"1190","1066020001402006","1055020000000009","纬度","1065020001400005","1065020001400005","1","999","admin","2024-01-16 16:03:29","system_user","2024-06-03 07:01:56","1","0"
"1191","1066020001403002","1055020000000009","海拔","1065020001400005","1065020001400005","1","999","admin","2024-01-16 16:03:37","system_user","2024-06-03 07:01:56","1","0"
"1192","106602000140400b","1055020000000009","经纬度","1065020001400005","1065020001400005","1","999","admin","2024-01-16 16:03:46","system_user","2024-06-03 07:01:56","1","0"
"1193","1066020001405007","1055020000000009","经纬度序列","1065020001400005","1065020001400005","1","999","admin","2024-01-16 16:03:55","system_user","2024-06-03 07:01:56","1","0"
"1194","1066020001406003","1055020000000009","外包边界","1065020001400005","1065020001400005","1","999","admin","2024-01-16 16:04:12","system_user","2024-06-03 07:01:56","1","0"
"2231","10a6110100203009","1095110100000005","结束时间","10a511010020000c","10a511010020000c","1","999","system_user","2024-01-16 18:32:55","admin","2024-01-21 19:00:46","1","0"
"2232","10a6110100202000","1095110100000005","开始时间","10a511010020000c","10a511010020000c","1","999","system_user","2024-01-16 18:32:55","admin","2024-01-21 19:00:46","1","0"
"2233","10a6110100201004","1095110100000005","发生时间","10a511010020000c","10a511010020000c","1","999","system_user","2024-01-16 18:32:55","admin","2024-01-21 19:00:46","1","0"
"2238","10a611020020300c","1095110200000008","结束时间","10a5110200200002","10a5110200200002","1","999","system_user","2024-01-16 18:32:55","admin","2024-04-22 23:42:07","1","0"
"2239","10a6110200202003","1095110200000008","开始时间","10a5110200200002","10a5110200200002","1","999","system_user","2024-01-16 18:32:55","admin","2024-01-21 19:00:46","1","0"
"2240","10a6110200201007","1095110200000008","发生时间","10a5110200200002","10a5110200200002","1","999","system_user","2024-01-16 18:32:55","admin","2024-01-21 19:00:46","1","0"
"2245","10a6110300203002","109511030000000b","结束时间","10a5110300200005","10a5110300200005","1","999","system_user","2024-01-16 18:32:55","system_user","2024-04-28 13:42:46","1","0"
"2246","10a6110300202006","109511030000000b","开始时间","10a5110300200005","10a5110300200005","1","999","system_user","2024-01-16 18:32:55","system_user","2024-04-28 13:42:46","1","0"
"2247","10a611030020100a","109511030000000b","发生时间","10a5110300200005","10a5110300200005","1","999","system_user","2024-01-16 18:32:55","system_user","2024-04-28 13:42:46","1","0"
"2252","10a6110400203005","1095110400000001","结束时间","10a5110400200008","10a5110400200008","1","999","system_user","2024-01-16 18:32:55","system_user","2024-04-28 13:42:46","1","0"
"2253","10a6110400202009","1095110400000001","开始时间","10a5110400200008","10a5110400200008","1","999","system_user","2024-01-16 18:32:55","system_user","2024-04-28 13:42:46","1","0"
"2254","10a6110400201000","1095110400000001","发生时间","10a5110400200008","10a5110400200008","1","999","system_user","2024-01-16 18:32:55","system_user","2024-04-28 13:42:46","1","0"
"2259","10a6110500203008","1095110500000004","结束时间","10a511050020000b","10a511050020000b","1","999","system_user","2024-01-16 18:32:55","system_user","2024-04-28 13:42:46","1","0"
"2260","10a611050020200c","1095110500000004","开始时间","10a511050020000b","10a511050020000b","1","999","system_user","2024-01-16 18:32:55","system_user","2024-04-28 13:42:46","1","0"
"2261","10a6110500201003","1095110500000004","发生时间","10a511050020000b","10a511050020000b","1","999","system_user","2024-01-16 18:32:55","system_user","2024-04-28 13:42:46","1","0"
"2266","10a611060020300b","1095110600000007","结束时间","10a5110600200001","10a5110600200001","1","999","system_user","2024-01-16 18:32:55","system_user","2024-04-28 13:42:46","1","0"
"2267","10a6110600202002","1095110600000007","开始时间","10a5110600200001","10a5110600200001","1","999","system_user","2024-01-16 18:32:55","system_user","2024-04-28 13:42:46","1","0"
"2268","10a6110600201006","1095110600000007","发生时间","10a5110600200001","10a5110600200001","1","999","system_user","2024-01-16 18:32:55","system_user","2024-04-28 13:42:46","1","0"
"2273","10a6110700203001","109511070000000a","结束时间","10a5110700200004","10a5110700200004","1","999","system_user","2024-01-16 18:32:55","system_user","2024-04-28 13:42:46","1","0"
"2274","10a6110700202005","109511070000000a","开始时间","10a5110700200004","10a5110700200004","1","999","system_user","2024-01-16 18:32:55","system_user","2024-04-28 13:42:46","1","0"
"2275","10a6110700201009","109511070000000a","发生时间","10a5110700200004","10a5110700200004","1","999","system_user","2024-01-16 18:32:55","system_user","2024-04-28 13:42:46","1","0"
"2280","10a6110800203004","1095110800000000","结束时间","10a5110800200007","10a5110800200007","1","999","system_user","2024-01-16 18:32:55","system_user","2024-04-28 13:42:46","1","0"
"2281","10a6110800202008","1095110800000000","开始时间","10a5110800200007","10a5110800200007","1","999","system_user","2024-01-16 18:32:55","system_user","2024-04-28 13:42:46","1","0"
"2282","10a611080020100c","1095110800000000","发生时间","10a5110800200007","10a5110800200007","1","999","system_user","2024-01-16 18:32:55","system_user","2024-04-28 13:42:46","1","0"
"2287","10a612010020300a","1095120100000006","结束时间","10a5120100200000","10a5120100200000","1","999","system_user","2024-01-16 18:32:55","system_user","2024-04-28 13:42:46","1","0"
"2288","10a6120100202001","1095120100000006","开始时间","10a5120100200000","10a5120100200000","1","999","system_user","2024-01-16 18:32:55","system_user","2024-04-28 13:42:46","1","0"
"2289","10a6120100201005","1095120100000006","发生时间","10a5120100200000","10a5120100200000","1","999","system_user","2024-01-16 18:32:55","system_user","2024-04-28 13:42:46","1","0"
"2294","10a6120200203000","1095120200000009","结束时间","10a5120200200003","10a5120200200003","1","999","system_user","2024-01-16 18:32:55","system_user","2024-04-28 13:42:46","1","0"
"2295","10a6120200202004","1095120200000009","开始时间","10a5120200200003","10a5120200200003","1","999","system_user","2024-01-16 18:32:55","system_user","2024-04-28 13:42:46","1","0"
"2296","10a6120200201008","1095120200000009","发生时间","10a5120200200003","10a5120200200003","1","999","system_user","2024-01-16 18:32:55","system_user","2024-04-28 13:42:46","1","0"
"2301","10a6120300203003","109512030000000c","结束时间","10a5120300200006","10a5120300200006","1","999","system_user","2024-01-16 18:32:55","admin","2024-01-21 19:00:46","1","0"
"2302","10a6120300202007","109512030000000c","开始时间","10a5120300200006","10a5120300200006","1","999","system_user","2024-01-16 18:32:55","admin","2024-01-21 19:00:46","1","0"
"2303","10a612030020100b","109512030000000c","发生时间","10a5120300200006","10a5120300200006","1","999","system_user","2024-01-16 18:32:55","admin","2024-04-22 23:42:07","1","0"
"2308","10a6120400203006","1095120400000002","结束时间","10a5120400200009","10a5120400200009","1","999","system_user","2024-01-16 18:32:55","system_user","2024-04-28 13:42:46","1","0"
"2309","10a612040020200a","1095120400000002","开始时间","10a5120400200009","10a5120400200009","1","999","system_user","2024-01-16 18:32:55","system_user","2024-04-28 13:42:46","1","0"
"2310","10a6120400201001","1095120400000002","发生时间","10a5120400200009","10a5120400200009","1","999","system_user","2024-01-16 18:32:55","system_user","2024-04-28 13:42:46","1","0"
"2315","10a6120500203009","1095120500000005","结束时间","10a512050020000c","10a512050020000c","1","999","system_user","2024-01-16 18:32:55","system_user","2024-04-28 13:42:46","1","0"
"2316","10a6120500202000","1095120500000005","开始时间","10a512050020000c","10a512050020000c","1","999","system_user","2024-01-16 18:32:55","system_user","2024-04-28 13:42:46","1","0"
"2317","10a6120500201004","1095120500000005","发生时间","10a512050020000c","10a512050020000c","1","999","system_user","2024-01-16 18:32:55","system_user","2024-04-28 13:42:46","1","0"
"2322","10a612060020300c","1095120600000008","结束时间","10a5120600200002","10a5120600200002","1","999","system_user","2024-01-16 18:32:55","system_user","2024-04-22 23:42:07","0","0"
"2323","10a6120600202003","1095120600000008","开始时间","10a5120600200002","10a5120600200002","1","999","system_user","2024-01-16 18:32:55","system_user","2024-01-21 19:00:46","0","0"
"2324","10a6120600201007","1095120600000008","发生时间","10a5120600200002","10a5120600200002","1","999","system_user","2024-01-16 18:32:55","system_user","2024-01-21 19:00:46","0","0"
"2329","10a6120700203002","109512070000000b","结束时间","10a5120700200005","10a5120700200005","1","999","system_user","2024-01-16 18:32:55","system_user","2024-04-28 13:42:46","1","0"
"2330","10a6120700202006","109512070000000b","开始时间","10a5120700200005","10a5120700200005","1","999","system_user","2024-01-16 18:32:55","system_user","2024-04-28 13:42:46","1","0"
"2331","10a612070020100a","109512070000000b","发生时间","10a5120700200005","10a5120700200005","1","999","system_user","2024-01-16 18:32:55","system_user","2024-04-28 13:42:46","1","0"
"2336","10a6120800203005","1095120800000001","结束时间","10a5120800200008","10a5120800200008","1","999","system_user","2024-01-16 18:32:55","system_user","2024-04-28 13:42:46","1","0"
"2337","10a6120800202009","1095120800000001","开始时间","10a5120800200008","10a5120800200008","1","999","system_user","2024-01-16 18:32:55","system_user","2024-04-28 13:42:46","1","0"
"2338","10a6120800201000","1095120800000001","发生时间","10a5120800200008","10a5120800200008","1","999","system_user","2024-01-16 18:32:55","system_user","2024-04-28 13:42:46","1","0"
"2343","10a614010020300c","1095140100000008","结束时间","10a5140100200002","10a5140100200002","1","999","system_user","2024-01-16 18:32:55","system_user","2024-04-28 13:42:46","1","0"
"2344","10a6140100202003","1095140100000008","开始时间","10a5140100200002","10a5140100200002","1","999","system_user","2024-01-16 18:32:55","system_user","2024-04-28 13:42:46","1","0"
"2345","10a6140100201007","1095140100000008","发生时间","10a5140100200002","10a5140100200002","1","999","system_user","2024-01-16 18:32:55","system_user","2024-04-28 13:42:46","1","0"
"2350","10a6140200203002","109514020000000b","结束时间","10a5140200200005","10a5140200200005","1","999","system_user","2024-01-16 18:32:55","system_user","2024-04-28 13:42:46","1","0"
"2351","10a6140200202006","109514020000000b","开始时间","10a5140200200005","10a5140200200005","1","999","system_user","2024-01-16 18:32:55","system_user","2024-04-28 13:42:46","1","0"
"2352","10a614020020100a","109514020000000b","发生时间","10a5140200200005","10a5140200200005","1","999","system_user","2024-01-16 18:32:55","system_user","2024-04-28 13:42:46","1","0"
"2357","10a6140300203005","1095140300000001","结束时间","10a5140300200008","10a5140300200008","1","999","system_user","2024-01-16 18:32:55","system_user","2024-04-28 13:42:46","1","0"
"2358","10a6140300202009","1095140300000001","开始时间","10a5140300200008","10a5140300200008","1","999","system_user","2024-01-16 18:32:55","system_user","2024-04-28 13:42:46","1","0"
"2359","10a6140300201000","1095140300000001","发生时间","10a5140300200008","10a5140300200008","1","999","system_user","2024-01-16 18:32:55","system_user","2024-04-28 13:42:46","1","0"
"2364","10a6140400203008","1095140400000004","结束时间","10a514040020000b","10a514040020000b","1","999","system_user","2024-01-16 18:32:55","system_user","2024-04-28 13:42:46","1","0"
"2365","10a614040020200c","1095140400000004","开始时间","10a514040020000b","10a514040020000b","1","999","system_user","2024-01-16 18:32:55","system_user","2024-04-28 13:42:46","1","0"
"2366","10a6140400201003","1095140400000004","发生时间","10a514040020000b","10a514040020000b","1","999","system_user","2024-01-16 18:32:55","system_user","2024-04-28 13:42:46","1","0"
"2371","10a614050020300b","1095140500000007","结束时间","10a5140500200001","10a5140500200001","1","999","system_user","2024-01-16 18:32:55","system_user","2024-04-22 23:42:07","0","0"
"2372","10a6140500202002","1095140500000007","开始时间","10a5140500200001","10a5140500200001","1","999","system_user","2024-01-16 18:32:55","system_user","2024-01-21 19:00:46","0","0"
"2373","10a6140500201006","1095140500000007","发生时间","10a5140500200001","10a5140500200001","1","999","system_user","2024-01-16 18:32:55","system_user","2024-01-21 19:00:46","0","0"
"2378","10a6140600203001","109514060000000a","结束时间","10a5140600200004","10a5140600200004","1","999","system_user","2024-01-16 18:32:55","system_user","2024-04-28 13:42:46","1","0"
"2379","10a6140600202005","109514060000000a","开始时间","10a5140600200004","10a5140600200004","1","999","system_user","2024-01-16 18:32:55","system_user","2024-04-28 13:42:46","1","0"
"2380","10a6140600201009","109514060000000a","发生时间","10a5140600200004","10a5140600200004","1","999","system_user","2024-01-16 18:32:55","system_user","2024-04-28 13:42:46","1","0"
"2385","10a6140700203004","1095140700000000","结束时间","10a5140700200007","10a5140700200007","1","999","system_user","2024-01-16 18:32:55","system_user","2024-04-28 13:42:46","1","0"
"2386","10a6140700202008","1095140700000000","开始时间","10a5140700200007","10a5140700200007","1","999","system_user","2024-01-16 18:32:55","system_user","2024-04-28 13:42:46","1","0"
"2387","10a614070020100c","1095140700000000","发生时间","10a5140700200007","10a5140700200007","1","999","system_user","2024-01-16 18:32:55","system_user","2024-04-28 13:42:46","1","0"
"2392","10a6140800203007","1095140800000003","结束时间","10a514080020000a","10a514080020000a","1","999","system_user","2024-01-16 18:32:55","system_user","2024-04-28 13:42:46","1","0"
"2393","10a614080020200b","1095140800000003","开始时间","10a514080020000a","10a514080020000a","1","999","system_user","2024-01-16 18:32:55","system_user","2024-04-28 13:42:46","1","0"
"2394","10a6140800201002","1095140800000003","发生时间","10a514080020000a","10a514080020000a","1","999","system_user","2024-01-16 18:32:55","system_user","2024-04-28 13:42:46","1","0"
"2399","10a6150100203000","1095150100000009","结束时间","10a5150100200003","10a5150100200003","1","999","system_user","2024-01-16 18:32:55","system_user","2024-04-28 13:42:46","1","0"
"2400","10a6150100202004","1095150100000009","开始时间","10a5150100200003","10a5150100200003","1","999","system_user","2024-01-16 18:32:55","system_user","2024-04-28 13:42:46","1","0"
"2401","10a6150100201008","1095150100000009","发生时间","10a5150100200003","10a5150100200003","1","999","system_user","2024-01-16 18:32:55","system_user","2024-04-28 13:42:46","1","0"
"2406","10a6150200203003","109515020000000c","结束时间","10a5150200200006","10a5150200200006","1","999","system_user","2024-01-16 18:32:55","system_user","2024-04-28 13:42:46","1","0"
"2407","10a6150200202007","109515020000000c","开始时间","10a5150200200006","10a5150200200006","1","999","system_user","2024-01-16 18:32:55","system_user","2024-04-28 13:42:46","1","0"
"2408","10a615020020100b","109515020000000c","发生时间","10a5150200200006","10a5150200200006","1","999","system_user","2024-01-16 18:32:55","system_user","2024-04-28 13:42:46","1","0"
"2413","10a6150300203006","1095150300000002","结束时间","10a5150300200009","10a5150300200009","1","999","system_user","2024-01-16 18:32:55","system_user","2024-04-28 13:42:46","1","0"
"2414","10a615030020200a","1095150300000002","开始时间","10a5150300200009","10a5150300200009","1","999","system_user","2024-01-16 18:32:55","system_user","2024-04-28 13:42:46","1","0"
"2415","10a6150300201001","1095150300000002","发生时间","10a5150300200009","10a5150300200009","1","999","system_user","2024-01-16 18:32:55","system_user","2024-04-28 13:42:46","1","0"
"2420","10a6150400203009","1095150400000005","结束时间","10a515040020000c","10a515040020000c","1","999","system_user","2024-01-16 18:32:55","admin","2024-01-21 19:00:46","1","0"
"2421","10a6150400202000","1095150400000005","开始时间","10a515040020000c","10a515040020000c","1","999","system_user","2024-01-16 18:32:55","admin","2024-01-21 19:00:46","1","0"
"2422","10a6150400201004","1095150400000005","发生时间","10a515040020000c","10a515040020000c","1","999","system_user","2024-01-16 18:32:55","admin","2024-01-21 19:00:46","1","0"
"2427","10a615050020300c","1095150500000008","结束时间","10a5150500200002","10a5150500200002","1","999","system_user","2024-01-16 18:32:55","system_user","2024-04-28 13:42:46","1","0"
"2428","10a6150500202003","1095150500000008","开始时间","10a5150500200002","10a5150500200002","1","999","system_user","2024-01-16 18:32:55","system_user","2024-04-28 13:42:46","1","0"
"2429","10a6150500201007","1095150500000008","发生时间","10a5150500200002","10a5150500200002","1","999","system_user","2024-01-16 18:32:55","system_user","2024-04-28 13:42:46","1","0"
"2434","10a6220100303003","1095220100000009","结束时间","10a5220100300006","10a5220100300006","1","999","system_user","2024-01-16 18:32:55","system_user","2024-04-28 13:42:46","1","0"
"2435","10a6220100302007","1095220100000009","开始时间","10a5220100300006","10a5220100300006","1","999","system_user","2024-01-16 18:32:55","system_user","2024-04-28 13:42:46","1","0"
"2436","10a622010030100b","1095220100000009","发生时间","10a5220100300006","10a5220100300006","1","999","system_user","2024-01-16 18:32:55","system_user","2024-04-28 13:42:46","1","0"
"2441","10a622020050300c","109522020000000c","结束时间","10a5220200500002","10a5220200500002","1","999","system_user","2024-01-16 18:32:55","system_user","2024-04-28 13:42:46","1","0"
"2442","10a6220200502003","109522020000000c","开始时间","10a5220200500002","10a5220200500002","1","999","system_user","2024-01-16 18:32:55","system_user","2024-04-28 13:42:46","1","0"
"2443","10a6220200501007","109522020000000c","发生时间","10a5220200500002","10a5220200500002","1","999","system_user","2024-01-16 18:32:55","system_user","2024-04-28 13:42:46","1","0"
"2448","10a6240100303005","109524010000000b","结束时间","10a5240100300008","10a5240100300008","1","999","system_user","2024-01-16 18:32:55","admin","2024-01-21 19:00:46","1","0"
"2449","10a6240100302009","109524010000000b","开始时间","10a5240100300008","10a5240100300008","1","999","system_user","2024-01-16 18:32:55","admin","2024-01-21 19:00:46","1","0"
"2450","10a6240100301000","109524010000000b","发生时间","10a5240100300008","10a5240100300008","1","999","system_user","2024-01-16 18:32:55","admin","2024-01-21 19:00:46","1","0"
"2462","10a6340100203005","1095340100000001","结束时间","10a5340100200008","10a5340100200008","1","999","system_user","2024-01-16 18:32:55","system_user","2024-04-28 13:42:46","1","0"
"2463","10a6340100202009","1095340100000001","开始时间","10a5340100200008","10a5340100200008","1","999","system_user","2024-01-16 18:32:55","system_user","2024-04-28 13:42:46","1","0"
"2464","10a6340100201000","1095340100000001","发生时间","10a5340100200008","10a5340100200008","1","999","system_user","2024-01-16 18:32:55","system_user","2024-04-28 13:42:46","1","0"
"2469","10a6340200203008","1095340200000004","结束时间","10a534020020000b","10a534020020000b","1","999","system_user","2024-01-16 18:32:55","system_user","2024-04-28 13:42:46","1","0"
"2470","10a634020020200c","1095340200000004","开始时间","10a534020020000b","10a534020020000b","1","999","system_user","2024-01-16 18:32:55","system_user","2024-04-28 13:42:46","1","0"
"2471","10a6340200201003","1095340200000004","发生时间","10a534020020000b","10a534020020000b","1","999","system_user","2024-01-16 18:32:55","system_user","2024-04-28 13:42:46","1","0"
"2476","10a634030020300b","1095340300000007","结束时间","10a5340300200001","10a5340300200001","1","999","system_user","2024-01-16 18:32:55","system_user","2024-04-28 13:42:46","1","0"
"2477","10a6340300202002","1095340300000007","开始时间","10a5340300200001","10a5340300200001","1","999","system_user","2024-01-16 18:32:55","system_user","2024-04-28 13:42:46","1","0"
"2478","10a6340300201006","1095340300000007","发生时间","10a5340300200001","10a5340300200001","1","999","system_user","2024-01-16 18:32:55","system_user","2024-04-28 13:42:46","1","0"
"2483","10a6440100203008","1095440100000004","结束时间","10a544010020000b","10a544010020000b","1","999","system_user","2024-01-16 18:32:55","system_user","2024-04-28 13:42:46","1","0"
"2484","10a644010020200c","1095440100000004","开始时间","10a544010020000b","10a544010020000b","1","999","system_user","2024-01-16 18:32:55","system_user","2024-04-28 13:42:46","1","0"
"2485","10a6440100201003","1095440100000004","发生时间","10a544010020000b","10a544010020000b","1","999","system_user","2024-01-16 18:32:55","system_user","2024-04-28 13:42:46","1","0"
"2490","10a644020020300b","1095440200000007","结束时间","10a5440200200001","10a5440200200001","1","999","system_user","2024-01-16 18:32:55","system_user","2024-04-28 13:42:46","1","0"
"2491","10a6440200202002","1095440200000007","开始时间","10a5440200200001","10a5440200200001","1","999","system_user","2024-01-16 18:32:55","system_user","2024-04-28 13:42:46","1","0"
"2492","10a6440200201006","1095440200000007","发生时间","10a5440200200001","10a5440200200001","1","999","system_user","2024-01-16 18:32:55","system_user","2024-04-28 13:42:46","1","0"
"2497","10a6440300203001","109544030000000a","结束时间","10a5440300200004","10a5440300200004","1","999","system_user","2024-01-16 18:32:55","system_user","2024-04-28 13:42:46","1","0"
"2498","10a6440300202005","109544030000000a","开始时间","10a5440300200004","10a5440300200004","1","999","system_user","2024-01-16 18:32:55","system_user","2024-04-28 13:42:46","1","0"
"2499","10a6440300201009","109544030000000a","发生时间","10a5440300200004","10a5440300200004","1","999","system_user","2024-01-16 18:32:55","system_user","2024-04-28 13:42:46","1","0"
"2504","10a6440400203004","1095440400000000","结束时间","10a5440400200007","10a5440400200007","1","999","system_user","2024-01-16 18:32:55","system_user","2024-04-28 13:42:46","1","0"
"2505","10a6440400202008","1095440400000000","开始时间","10a5440400200007","10a5440400200007","1","999","system_user","2024-01-16 18:32:55","system_user","2024-04-28 13:42:46","1","0"
"2506","10a644040020100c","1095440400000000","发生时间","10a5440400200007","10a5440400200007","1","999","system_user","2024-01-16 18:32:55","system_user","2024-04-28 13:42:46","1","0"
"2511","10a6520100203009","1095520100000005","结束时间","10a552010020000c","10a552010020000c","1","999","system_user","2024-01-16 18:32:55","system_user","2024-04-28 13:42:46","1","0"
"2512","10a6520100202000","1095520100000005","开始时间","10a552010020000c","10a552010020000c","1","999","system_user","2024-01-16 18:32:55","system_user","2024-04-28 13:42:46","1","0"
"2513","10a6520100201004","1095520100000005","发生时间","10a552010020000c","10a552010020000c","1","999","system_user","2024-01-16 18:32:55","system_user","2024-04-28 13:42:46","1","0"
"2518","10a6520200303002","1095520200000008","结束时间","10a5520200300005","10a5520200300005","1","999","system_user","2024-01-16 18:32:55","system_user","2024-04-28 13:42:46","1","0"
"2519","10a6520200302006","1095520200000008","开始时间","10a5520200300005","10a5520200300005","1","999","system_user","2024-01-16 18:32:55","system_user","2024-04-28 13:42:46","1","0"
"2520","10a652020030100a","1095520200000008","发生时间","10a5520200300005","10a5520200300005","1","999","system_user","2024-01-16 18:32:55","system_user","2024-04-28 13:42:46","1","0"
"2525","10a6520300203002","109552030000000b","结束时间","10a5520300200005","10a5520300200005","1","999","system_user","2024-01-16 18:32:55","system_user","2024-04-28 13:42:46","1","0"
"2526","10a6520300202006","109552030000000b","开始时间","10a5520300200005","10a5520300200005","1","999","system_user","2024-01-16 18:32:55","system_user","2024-04-28 13:42:46","1","0"
"2527","10a652030020100a","109552030000000b","发生时间","10a5520300200005","10a5520300200005","1","999","system_user","2024-01-16 18:32:55","system_user","2024-04-28 13:42:46","1","0"
"2532","10a6520400203005","1095520400000001","结束时间","10a5520400200008","10a5520400200008","1","999","system_user","2024-01-16 18:32:55","system_user","2024-01-21 19:00:46","0","0"
"2533","10a6520400202009","1095520400000001","开始时间","10a5520400200008","10a5520400200008","1","999","system_user","2024-01-16 18:32:55","system_user","2024-01-21 19:00:46","0","0"
"2534","10a6520400201000","1095520400000001","发生时间","10a5520400200008","10a5520400200008","1","999","system_user","2024-01-16 18:32:55","system_user","2024-01-21 19:00:46","0","0"
"2539","10a6520500203008","1095520500000004","结束时间","10a552050020000b","10a552050020000b","1","999","system_user","2024-01-16 18:32:55","system_user","2024-04-28 13:42:46","1","0"
"2540","10a652050020200c","1095520500000004","开始时间","10a552050020000b","10a552050020000b","1","999","system_user","2024-01-16 18:32:55","system_user","2024-04-28 13:42:46","1","0"
"2541","10a6520500201003","1095520500000004","发生时间","10a552050020000b","10a552050020000b","1","999","system_user","2024-01-16 18:32:55","system_user","2024-04-28 13:42:46","1","0"
"2546","10a652060020300b","1095520600000007","结束时间","10a5520600200001","10a5520600200001","1","999","system_user","2024-01-16 18:32:55","system_user","2024-04-28 13:42:46","1","0"
"2547","10a6520600202002","1095520600000007","开始时间","10a5520600200001","10a5520600200001","1","999","system_user","2024-01-16 18:32:55","system_user","2024-04-28 13:42:46","1","0"
"2548","10a6520600201006","1095520600000007","发生时间","10a5520600200001","10a5520600200001","1","999","system_user","2024-01-16 18:32:55","system_user","2024-04-28 13:42:46","1","0"
"2553","10a653010020300a","1095530100000006","结束时间","10a5530100200000","10a5530100200000","1","999","system_user","2024-01-16 18:32:55","system_user","2024-04-28 13:42:46","1","0"
"2554","10a6530100202001","1095530100000006","开始时间","10a5530100200000","10a5530100200000","1","999","system_user","2024-01-16 18:32:55","system_user","2024-04-28 13:42:46","1","0"
"2555","10a6530100201005","1095530100000006","发生时间","10a5530100200000","10a5530100200000","1","999","system_user","2024-01-16 18:32:55","system_user","2024-04-28 13:42:46","1","0"
"2560","10a6530200303003","1095530200000009","结束时间","10a5530200300006","10a5530200300006","1","999","system_user","2024-01-16 18:32:55","system_user","2024-04-28 13:42:46","1","0"
"2561","10a6530200302007","1095530200000009","开始时间","10a5530200300006","10a5530200300006","1","999","system_user","2024-01-16 18:32:55","system_user","2024-04-28 13:42:46","1","0"
"2562","10a653020030100b","1095530200000009","发生时间","10a5530200300006","10a5530200300006","1","999","system_user","2024-01-16 18:32:55","system_user","2024-04-28 13:42:46","1","0"
"2567","10a6530300203003","109553030000000c","结束时间","10a5530300200006","10a5530300200006","1","999","system_user","2024-01-16 18:32:55","system_user","2024-04-28 13:42:46","1","0"
"2568","10a6530300202007","109553030000000c","开始时间","10a5530300200006","10a5530300200006","1","999","system_user","2024-01-16 18:32:55","system_user","2024-04-28 13:42:46","1","0"
"2569","10a653030020100b","109553030000000c","发生时间","10a5530300200006","10a5530300200006","1","999","system_user","2024-01-16 18:32:55","system_user","2024-04-28 13:42:46","1","0"
"2574","10a6530400303009","1095530400000002","结束时间","10a553040030000c","10a553040030000c","1","999","system_user","2024-01-16 18:32:55","system_user","2024-04-28 13:42:46","1","0"
"2575","10a6530400302000","1095530400000002","开始时间","10a553040030000c","10a553040030000c","1","999","system_user","2024-01-16 18:32:55","system_user","2024-04-28 13:42:46","1","0"
"2576","10a6530400301004","1095530400000002","发生时间","10a553040030000c","10a553040030000c","1","999","system_user","2024-01-16 18:32:55","system_user","2024-04-28 13:42:46","1","0"
"2581","10a654010020300b","1095540100000007","结束时间","10a5540100200001","10a5540100200001","1","999","system_user","2024-01-16 18:32:55","system_user","2024-04-28 13:42:46","1","0"
"2582","10a6540100202002","1095540100000007","开始时间","10a5540100200001","10a5540100200001","1","999","system_user","2024-01-16 18:32:55","system_user","2024-04-28 13:42:46","1","0"
"2583","10a6540100201006","1095540100000007","发生时间","10a5540100200001","10a5540100200001","1","999","system_user","2024-01-16 18:32:55","system_user","2024-04-28 13:42:46","1","0"
"2588","10a6540200203001","109554020000000a","结束时间","10a5540200200004","10a5540200200004","1","999","system_user","2024-01-16 18:32:55","system_user","2024-04-28 13:42:46","1","0"
"2589","10a6540200202005","109554020000000a","开始时间","10a5540200200004","10a5540200200004","1","999","system_user","2024-01-16 18:32:55","system_user","2024-04-28 13:42:46","1","0"
"2590","10a6540200201009","109554020000000a","发生时间","10a5540200200004","10a5540200200004","1","999","system_user","2024-01-16 18:32:55","system_user","2024-04-28 13:42:46","1","0"
"2595","10a6540300203004","1095540300000000","结束时间","10a5540300200007","10a5540300200007","1","999","system_user","2024-01-16 18:32:55","system_user","2024-01-21 19:00:46","0","0"
"2596","10a6540300202008","1095540300000000","开始时间","10a5540300200007","10a5540300200007","1","999","system_user","2024-01-16 18:32:55","system_user","2024-01-21 19:00:46","0","0"
"2597","10a654030020100c","1095540300000000","发生时间","10a5540300200007","10a5540300200007","1","999","system_user","2024-01-16 18:32:55","system_user","2024-04-22 23:42:07","0","0"
"2602","10a6540400203007","1095540400000003","结束时间","10a554040020000a","10a554040020000a","1","999","system_user","2024-01-16 18:32:55","system_user","2024-04-28 13:42:46","1","0"
"2603","10a654040020200b","1095540400000003","开始时间","10a554040020000a","10a554040020000a","1","999","system_user","2024-01-16 18:32:55","system_user","2024-04-28 13:42:46","1","0"
"2604","10a6540400201002","1095540400000003","发生时间","10a554040020000a","10a554040020000a","1","999","system_user","2024-01-16 18:32:55","system_user","2024-04-28 13:42:46","1","0"
"2609","10a654050020300a","1095540500000006","结束时间","10a5540500200000","10a5540500200000","1","999","system_user","2024-01-16 18:32:55","system_user","2024-04-28 13:42:46","1","0"
"2610","10a6540500202001","1095540500000006","开始时间","10a5540500200000","10a5540500200000","1","999","system_user","2024-01-16 18:32:55","system_user","2024-04-28 13:42:46","1","0"
"2611","10a6540500201005","1095540500000006","发生时间","10a5540500200000","10a5540500200000","1","999","system_user","2024-01-16 18:32:55","system_user","2024-04-28 13:42:46","1","0"
"2616","10a6540600203000","1095540600000009","结束时间","10a5540600200003","10a5540600200003","1","999","system_user","2024-01-16 18:32:55","system_user","2024-04-28 13:42:46","1","0"
"2617","10a6540600202004","1095540600000009","开始时间","10a5540600200003","10a5540600200003","1","999","system_user","2024-01-16 18:32:55","system_user","2024-04-28 13:42:46","1","0"
"2618","10a6540600201008","1095540600000009","发生时间","10a5540600200003","10a5540600200003","1","999","system_user","2024-01-16 18:32:55","system_user","2024-04-28 13:42:46","1","0"
"2623","10a6540700303006","109554070000000c","结束时间","10a5540700300009","10a5540700300009","1","999","system_user","2024-01-16 18:32:55","system_user","2024-04-28 13:42:46","1","0"
"2624","10a654070030200a","109554070000000c","开始时间","10a5540700300009","10a5540700300009","1","999","system_user","2024-01-16 18:32:55","system_user","2024-04-28 13:42:46","1","0"
"2625","10a6540700301001","109554070000000c","发生时间","10a5540700300009","10a5540700300009","1","999","system_user","2024-01-16 18:32:55","system_user","2024-04-28 13:42:46","1","0"
"2630","10a655010020300c","1095550100000008","结束时间","10a5550100200002","10a5550100200002","1","999","system_user","2024-01-16 18:32:55","system_user","2024-04-28 13:42:46","1","0"
"2631","10a6550100202003","1095550100000008","开始时间","10a5550100200002","10a5550100200002","1","999","system_user","2024-01-16 18:32:55","system_user","2024-04-28 13:42:46","1","0"
"2632","10a6550100201007","1095550100000008","发生时间","10a5550100200002","10a5550100200002","1","999","system_user","2024-01-16 18:32:55","system_user","2024-04-28 13:42:46","1","0"
"2637","10a6550200203002","109555020000000b","结束时间","10a5550200200005","10a5550200200005","1","999","system_user","2024-01-16 18:32:55","system_user","2024-01-21 19:00:46","0","0"
"2638","10a6550200202006","109555020000000b","开始时间","10a5550200200005","10a5550200200005","1","999","system_user","2024-01-16 18:32:55","system_user","2024-01-21 19:00:46","0","0"
"2639","10a655020020100a","109555020000000b","发生时间","10a5550200200005","10a5550200200005","1","999","system_user","2024-01-16 18:32:55","system_user","2024-04-22 23:42:07","0","0"
"2644","10a6550300203005","1095550300000001","结束时间","10a5550300200008","10a5550300200008","1","999","system_user","2024-01-16 18:32:55","system_user","2024-04-28 13:42:46","1","0"
"2645","10a6550300202009","1095550300000001","开始时间","10a5550300200008","10a5550300200008","1","999","system_user","2024-01-16 18:32:55","system_user","2024-04-28 13:42:46","1","0"
"2646","10a6550300201000","1095550300000001","发生时间","10a5550300200008","10a5550300200008","1","999","system_user","2024-01-16 18:32:55","system_user","2024-04-28 13:42:46","1","0"
"2651","10a6550400203008","1095550400000004","结束时间","10a555040020000b","10a555040020000b","1","999","system_user","2024-01-16 18:32:55","system_user","2024-04-28 13:42:46","1","0"
"2652","10a655040020200c","1095550400000004","开始时间","10a555040020000b","10a555040020000b","1","999","system_user","2024-01-16 18:32:55","system_user","2024-04-28 13:42:46","1","0"
"2653","10a6550400201003","1095550400000004","发生时间","10a555040020000b","10a555040020000b","1","999","system_user","2024-01-16 18:32:55","system_user","2024-04-28 13:42:46","1","0"
"2658","10a655050020300b","1095550500000007","结束时间","10a5550500200001","10a5550500200001","1","999","system_user","2024-01-16 18:32:55","system_user","2024-04-28 13:42:46","1","0"
"2659","10a6550500202002","1095550500000007","开始时间","10a5550500200001","10a5550500200001","1","999","system_user","2024-01-16 18:32:55","system_user","2024-04-28 13:42:46","1","0"
"2660","10a6550500201006","1095550500000007","发生时间","10a5550500200001","10a5550500200001","1","999","system_user","2024-01-16 18:32:55","system_user","2024-04-28 13:42:46","1","0"
"2665","10a6230100203001","109523010000000a","结束时间","10a5230100200004","10a5230100200004","1","999","system_user","2024-01-16 18:32:55","system_user","2024-04-28 13:42:46","1","0"
"2666","10a6230100202005","109523010000000a","开始时间","10a5230100200004","10a5230100200004","1","999","system_user","2024-01-16 18:32:55","system_user","2024-04-28 13:42:46","1","0"
"2667","10a6230100201009","109523010000000a","发生时间","10a5230100200004","10a5230100200004","1","999","system_user","2024-01-16 18:32:55","system_user","2024-04-28 13:42:46","1","0"
"2672","10a6220400103006","1095220400000005","结束时间","10a5220400100009","10a5220400100009","1","999","system_user","2024-01-16 18:32:55","system_user","2024-04-28 13:42:46","1","0"
"2673","10a622040010200a","1095220400000005","开始时间","10a5220400100009","10a5220400100009","1","999","system_user","2024-01-16 18:32:55","system_user","2024-04-28 13:42:46","1","0"
"2674","10a6220400101001","1095220400000005","发生时间","10a5220400100009","10a5220400100009","1","999","system_user","2024-01-16 18:32:55","system_user","2024-04-28 13:42:46","1","0"
"2679","10a6440500103004","1095440500000003","结束时间","10a5440500100007","10a5440500100007","1","999","system_user","2024-01-16 18:32:55","system_user","2024-04-28 13:42:46","1","0"
"2680","10a6440500102008","1095440500000003","开始时间","10a5440500100007","10a5440500100007","1","999","system_user","2024-01-16 18:32:55","system_user","2024-04-28 13:42:46","1","0"
"2681","10a644050010100c","1095440500000003","发生时间","10a5440500100007","10a5440500100007","1","999","system_user","2024-01-16 18:32:55","system_user","2024-04-28 13:42:46","1","0"
"2686","10a6130500303000","1095130500000006","结束时间","10a5130500300003","10a5130500300003","1","999","system_user","2024-01-16 18:32:55","system_user","2024-04-28 13:42:46","1","0"
"2687","10a6130500302004","1095130500000006","开始时间","10a5130500300003","10a5130500300003","1","999","system_user","2024-01-16 18:32:55","system_user","2024-04-28 13:42:46","1","0"
"2688","10a6130500301008","1095130500000006","发生时间","10a5130500300003","10a5130500300003","1","999","system_user","2024-01-16 18:32:55","system_user","2024-04-28 13:42:46","1","0"
"2693","10a6130100903006","1095130100000007","结束时间","10a5130100900009","10a5130100900009","1","999","system_user","2024-01-16 18:32:55","system_user","2024-04-28 13:42:46","1","0"
"2694","10a613010090200a","1095130100000007","开始时间","10a5130100900009","10a5130100900009","1","999","system_user","2024-01-16 18:32:55","system_user","2024-04-28 13:42:46","1","0"
"2695","10a6130100901001","1095130100000007","发生时间","10a5130100900009","10a5130100900009","1","999","system_user","2024-01-16 18:32:55","system_user","2024-04-28 13:42:46","1","0"
"2700","10a6130200803006","109513020000000a","结束时间","10a5130200800009","10a5130200800009","1","999","system_user","2024-01-16 18:32:55","system_user","2024-04-28 13:42:46","1","0"
"2701","10a613020080200a","109513020000000a","开始时间","10a5130200800009","10a5130200800009","1","999","system_user","2024-01-16 18:32:55","system_user","2024-04-28 13:42:46","1","0"
"2702","10a6130200801001","109513020000000a","发生时间","10a5130200800009","10a5130200800009","1","999","system_user","2024-01-16 18:32:55","system_user","2024-04-28 13:42:46","1","0"
"2707","10a6130300803009","1095130300000000","结束时间","10a513030080000c","10a513030080000c","1","999","system_user","2024-01-16 18:32:55","system_user","2024-04-28 13:42:46","1","0"
"2708","10a6130300802000","1095130300000000","开始时间","10a513030080000c","10a513030080000c","1","999","system_user","2024-01-16 18:32:55","system_user","2024-04-28 13:42:46","1","0"
"2709","10a6130300801004","1095130300000000","发生时间","10a513030080000c","10a513030080000c","1","999","system_user","2024-01-16 18:32:55","system_user","2024-04-28 13:42:46","1","0"
"2714","10a6130400903002","1095130400000003","结束时间","10a5130400900005","10a5130400900005","1","999","system_user","2024-01-16 18:32:55","system_user","2024-04-28 13:42:46","1","0"
"2715","10a6130400902006","1095130400000003","开始时间","10a5130400900005","10a5130400900005","1","999","system_user","2024-01-16 18:32:55","system_user","2024-04-28 13:42:46","1","0"
"2716","10a613040090100a","1095130400000003","发生时间","10a5130400900005","10a5130400900005","1","999","system_user","2024-01-16 18:32:55","system_user","2024-04-28 13:42:46","1","0"
"2721","10a6220300603005","1095220300000002","结束时间","10a5220300600008","10a5220300600008","1","999","system_user","2024-01-16 18:32:55","system_user","2024-04-28 13:42:46","1","0"
"2722","10a6220300602009","1095220300000002","开始时间","10a5220300600008","10a5220300600008","1","999","system_user","2024-01-16 18:32:55","system_user","2024-04-28 13:42:46","1","0"
"2723","10a6220300601000","1095220300000002","发生时间","10a5220300600008","10a5220300600008","1","999","system_user","2024-01-16 18:32:55","system_user","2024-04-28 13:42:46","1","0"
"2728","10a6240200503001","1095240200000001","结束时间","10a5240200500004","10a5240200500004","1","999","system_user","2024-01-16 18:32:55","system_user","2024-04-28 13:42:46","1","0"
"2729","10a6240200502005","1095240200000001","开始时间","10a5240200500004","10a5240200500004","1","999","system_user","2024-01-16 18:32:55","system_user","2024-04-28 13:42:46","1","0"
"2730","10a6240200501009","1095240200000001","发生时间","10a5240200500004","10a5240200500004","1","999","system_user","2024-01-16 18:32:55","system_user","2024-04-28 13:42:46","1","0"
"2735","10a6240300403001","1095240300000004","结束时间","10a5240300400004","10a5240300400004","1","999","system_user","2024-01-16 18:32:55","system_user","2024-04-28 13:42:46","1","0"
"2736","10a6240300402005","1095240300000004","开始时间","10a5240300400004","10a5240300400004","1","999","system_user","2024-01-16 18:32:55","system_user","2024-04-28 13:42:46","1","0"
"2737","10a6240300401009","1095240300000004","发生时间","10a5240300400004","10a5240300400004","1","999","system_user","2024-01-16 18:32:55","system_user","2024-04-28 13:42:46","1","0"
"2742","10a6330100603003","1095330100000000","结束时间","10a5330100600006","10a5330100600006","1","999","system_user","2024-01-16 18:32:55","system_user","2024-04-28 13:42:46","1","0"
"2743","10a6330100602007","1095330100000000","开始时间","10a5330100600006","10a5330100600006","1","999","system_user","2024-01-16 18:32:55","system_user","2024-04-28 13:42:46","1","0"
"2744","10a633010060100b","1095330100000000","发生时间","10a5330100600006","10a5330100600006","1","999","system_user","2024-01-16 18:32:55","system_user","2024-04-28 13:42:46","1","0"
"2749","10a6330200403000","1095330200000003","结束时间","10a5330200400003","10a5330200400003","1","999","system_user","2024-01-16 18:32:55","system_user","2024-04-28 13:42:46","1","0"
"2750","10a6330200402004","1095330200000003","开始时间","10a5330200400003","10a5330200400003","1","999","system_user","2024-01-16 18:32:55","system_user","2024-04-28 13:42:46","1","0"
"2751","10a6330200401008","1095330200000003","发生时间","10a5330200400003","10a5330200400003","1","999","system_user","2024-01-16 18:32:55","system_user","2024-04-28 13:42:46","1","0"
"2756","10a6330300503006","1095330300000006","结束时间","10a5330300500009","10a5330300500009","1","999","system_user","2024-01-16 18:32:55","system_user","2024-04-28 13:42:46","1","0"
"2757","10a633030050200a","1095330300000006","开始时间","10a5330300500009","10a5330300500009","1","999","system_user","2024-01-16 18:32:55","system_user","2024-04-28 13:42:46","1","0"
"2758","10a6330300501001","1095330300000006","发生时间","10a5330300500009","10a5330300500009","1","999","system_user","2024-01-16 18:32:55","system_user","2024-04-28 13:42:46","1","0"
"2763","10a6530500203009","1095530500000005","结束时间","10a553050020000c","10a553050020000c","1","999","system_user","2024-01-16 18:32:55","system_user","2024-04-28 13:42:46","1","0"
"2764","10a6530500202000","1095530500000005","开始时间","10a553050020000c","10a553050020000c","1","999","system_user","2024-01-16 18:32:55","system_user","2024-04-28 13:42:46","1","0"
"2765","10a6530500201004","1095530500000005","发生时间","10a553050020000c","10a553050020000c","1","999","system_user","2024-01-16 18:32:55","system_user","2024-04-28 13:42:46","1","0"
"3269","106601000030100a","1055010000000008","中文名","1065010000300005","1065010000300005","1","999","admin","2024-01-19 12:46:25","system_user","2024-12-05 22:00:24","0","0"
"3270","1066010000302006","1055010000000008","昵称","1065010000300005","1065010000300005","1","999","admin","2024-01-19 12:46:32","system_user","2024-01-21 19:00:46","0","0"
"3272","1066010000303002","1055010000000008","曾用名","1065010000300005","1065010000300005","1","999","admin","2024-01-19 12:47:25","system_user","2024-01-21 19:00:46","0","0"
"3273","10a6230300201002","1095230300000003","发生时间","10a523030020000a","10a523030020000a","1","999","admin","2024-01-19 12:57:00","system_user","2024-04-28 13:42:46","1","0"
"3274","10a623030020200b","1095230300000003","开始时间","10a523030020000a","10a523030020000a","1","999","admin","2024-01-19 12:57:08","system_user","2024-04-28 13:42:46","1","0"
"3276","10a6230300203007","1095230300000003","结束时间","10a523030020000a","10a523030020000a","1","999","admin","2024-01-19 12:57:30","system_user","2024-04-28 13:42:46","1","0"
"3294","106601000030400b","1065010000300005","test","1065010000300005","1065010000300005","1","999","admin","2024-01-23 22:47:58","admin","2024-01-23 22:47:58","1","0"
"3295","10a6110100701006","10a5110100700001","付款方式","10a5110100700001","10a5110100700001","1","999","admin","2024-04-15 16:31:36","qidekang","2024-04-15 16:31:36","1","0"
"3296","1096150100001001","1095150100000009","出资额","1095150100000009","1095150100000009","1","999","admin","2024-04-15 16:36:38","system_user","2024-04-15 16:36:38","0","0"
"3297","1096150300001007","1095150300000002","离职原因","1095150300000002","1095150300000002","1","999","admin","2024-04-15 16:36:57","system_user","2024-04-15 16:36:57","0","0"
"3298","10a615030010100b","10a5150300100006","学号","10a5150300100006","10a5150300100006","1","999","admin","2024-04-15 16:37:43","system_user","2024-04-15 16:37:43","0","0"
"3299","10a6150300102007","10a5150300100006","工号","10a5150300100006","10a5150300100006","1","999","admin","2024-04-15 16:37:51","system_user","2024-04-15 16:37:51","0","0"
"3300","10a6150300b01002","10a5150300b0000a","五险一金","10a5150300b0000a","10a5150300b0000a","1","999","admin","2024-04-15 16:38:14","system_user","2024-04-15 16:38:14","0","0"
"3301","10a6150300b0200b","10a5150300b0000a","餐饮福利","10a5150300b0000a","10a5150300b0000a","1","999","admin","2024-04-15 16:38:29","system_user","2024-04-15 16:38:29","0","0"
"3302","10a6150300b03007","10a5150300b0000a","住房福利","10a5150300b0000a","10a5150300b0000a","1","999","admin","2024-04-15 16:38:41","system_user","2024-04-15 16:38:41","0","0"
"3303","1066020000101005","1065020000100000","邮政编码","1065020000100000","1065020000100000","1","999","admin","2024-04-15 16:44:35","admin","2024-04-15 16:44:35","0","0"
"3304","1066020000102001","1065020000100000","地区代码","1065020000100000","1065020000100000","1","999","admin","2024-04-15 16:44:46","system_user","2024-04-15 16:44:46","0","0"
"3305","1066010001201003","106501000120000b","残疾","106501000120000b","106501000120000b","1","999","admin","2024-04-15 16:47:03","admin","2024-04-15 16:47:03","0","0"
"3306","106a010000301007","1069010000300002","人数","1069010000300002","1069010000300002","1","999","admin","2024-04-15 16:48:57","admin","2024-04-15 16:48:57","0","0"
"3307","106a010000302003","1069010000300002","农业人口数","1069010000300002","1069010000300002","1","999","admin","2024-04-15 16:49:09","system_user","2024-04-15 16:49:09","0","0"
"3308","106a01000030300c","1069010000300002","户数","1069010000300002","1069010000300002","1","999","admin","2024-04-15 16:49:26","system_user","2024-04-15 16:49:26","0","0"
"3309","106a010000304008","1069010000300002","农业户数","1069010000300002","1069010000300002","1","999","admin","2024-04-15 16:49:35","admin","2024-04-15 16:49:35","1","0"
"3310","106a030000301009","1069030000300004","完成数量","1069030000300004","1069030000300004","1","999","admin","2024-04-15 16:50:23","system_user","2024-04-15 16:50:23","0","0"
"3311","106a030000302005","1069030000300004","未完成数量","1069030000300004","1069030000300004","1","999","admin","2024-04-15 16:50:31","system_user","2024-04-15 16:50:31","0","0"
"3312","1066040000401003","106504000040000b","使用能源类型","106504000040000b","106504000040000b","1","999","admin","2024-04-15 16:51:02","system_user","2024-04-15 16:51:02","0","0"
"3313","106604000040200c","106504000040000b","排放等级","106504000040000b","106504000040000b","1","999","admin","2024-04-15 16:51:17","system_user","2024-04-15 16:51:17","0","0"
"3314","1066040000101007","1065040000100002","单位社保号","1065040000100002","1065040000100002","1","999","admin","2024-04-15 16:51:35","qidekang","2024-04-15 16:51:35","1","0"
"3315","1066040000102003","1065040000100002","个人参保号","1065040000100002","1065040000100002","1","999","admin","2024-04-15 16:51:44","qidekang","2024-04-15 16:51:44","1","0"
"3316","1066050000401004","106505000040000c","行业分类","106505000040000c","106505000040000c","1","999","admin","2024-04-15 16:52:13","system_user","2024-04-15 16:52:13","0","0"
"3317","1066050000101008","1065050000100003","统一社会信用代码","1065050000100003","1065050000100003","1","999","admin","2024-04-15 16:52:49","qidekang","2024-04-15 16:52:49","0","0"
"3318","106605000060100a","1065050000600005","经营状态","1065050000600005","1065050000600005","1","999","admin","2024-04-15 16:53:11","system_user","2024-04-15 16:53:11","0","0"
"3319","1066040000501006","1065040000500001","用途","1065040000500001","1065040000500001","1","999","admin","2024-04-15 17:08:19","system_user","2024-04-15 17:08:19","0","0"
"3320","1066040001301009","1065040001300004","金额","1065040001300004","1065040001300004","1","999","admin","2024-04-15 17:10:22","system_user","2024-04-22 23:42:33","0","0"
"3321","1066040001302005","1065040001300004","费用","1065040001300004","1065040001300004","1","999","admin","2024-04-15 17:10:27","system_user","2024-04-22 23:42:33","0","0"
"3322","10a6150500401000","10a5150500400008","劳务派遣","10a5150500400008","10a5150500400008","1","999","admin","2024-04-15 17:17:21","system_user","2024-04-15 17:17:21","0","0"
"3323","1066050000402000","106505000040000c","优抚家庭","106505000040000c","106505000040000c","1","999","admin","2024-04-15 17:20:54","system_user","2024-04-15 17:20:54","0","0"
"3324","1066050000403009","106505000040000c","低保家庭","106505000040000c","106505000040000c","1","999","admin","2024-04-15 17:21:09","system_user","2024-04-15 17:21:09","0","0"
"3325","106601000120200c","106501000120000b","体温","106501000120000b","106501000120000b","1","999","admin","2024-04-15 17:25:11","admin","2024-04-15 17:25:11","1","0"
"3326","1066010001203008","106501000120000b","脉搏","106501000120000b","106501000120000b","1","999","admin","2024-04-15 17:25:22","admin","2024-04-15 17:25:22","1","0"
"3327","1066010001204004","106501000120000b","血压","106501000120000b","106501000120000b","1","999","admin","2024-04-15 17:25:34","admin","2024-04-15 17:25:34","1","0"
"3328","1066010000201007","1065010000200002","身份证号","1065010000200002","1065010000200002","1","999","admin","2024-04-15 17:32:50","qidekang","2024-04-15 17:32:50","1","0"
"3329","1066010000202003","1065010000200002","护照号","1065010000200002","1065010000200002","1","999","admin","2024-04-15 17:33:00","qidekang","2024-04-15 17:33:00","1","0"
"3330","106601000020300c","1065010000200002","台胞证编号","1065010000200002","1065010000200002","1","999","admin","2024-04-15 17:33:09","qidekang","2024-04-15 17:33:09","1","0"
"3331","1066010000204008","1065010000200002","社保编码","1065010000200002","1065010000200002","1","0","admin","2024-04-15 17:33:19","qidekang","2024-04-15 17:33:19","1","0"
"3332","1066010000205004","1065010000200002","学号","1065010000200002","1065010000200002","1","1","admin","2024-04-15 17:33:35","qidekang","2024-04-15 17:33:35","1","0"
"3333","1066010000206000","1065010000200002","工号","1065010000200002","1065010000200002","1","2","admin","2024-04-15 17:33:48","qidekang","2024-04-15 17:33:48","1","0"
"3334","1066010001701005","1065010001700000","常住类型","1065010001700000","1065010001700000","1","999","admin","2024-04-15 17:36:31","system_user","2024-04-15 17:36:31","0","0"
"3335","1066010001401009","1065010001400004","技能","1065010001400004","1065010001400004","1","999","admin","2024-04-15 17:39:28","admin","2024-04-15 17:39:28","1","0"
"3336","1066040000403008","106504000040000b","证明文件类型","106504000040000b","106504000040000b","1","999","admin","2024-04-15 17:44:55","system_user","2024-04-15 17:44:55","0","0"
"3337","10a6110100a01002","10a5110100a0000a","限制","10a5110100a0000a","10a5110100a0000a","1","999","admin","2024-04-15 17:45:15","system_user","2024-04-15 17:45:15","0","0"
"3338","10a6150300204002","10a5150300200009","毕业时间","10a5150300200009","10a5150300200009","1","999","admin","2024-04-15 17:45:35","admin","2024-04-15 17:45:35","1","0"
"3339","1066050000404005","106505000040000c","户口性质","106505000040000c","106505000040000c","1","999","admin","2024-04-15 17:46:07","system_user","2024-04-15 17:46:07","0","0"
"3340","10a6120100901000","10a5120100900008","是否住校","10a5120100900008","10a5120100900008","1","999","admin","2024-04-15 17:46:26","system_user","2024-04-15 17:46:26","0","0"
"3341","1066050000405001","106505000040000c","经济性质","106505000040000c","106505000040000c","1","999","admin","2024-04-15 17:47:08","system_user","2024-04-15 17:47:08","0","0"
"3342","1066030000901004","106503000090000c","发生原因","106503000090000c","106503000090000c","1","999","admin","2024-04-15 17:49:47","system_user","2024-04-15 17:49:47","0","0"
"3343","1066030000902000","106503000090000c","例外原因","106503000090000c","106503000090000c","1","999","admin","2024-04-15 17:49:58","system_user","2024-04-15 17:49:58","0","0"
"3344","1066020000201008","1065020000200003","邮政编码","1065020000200003","1065020000200003","1","999","admin","2024-04-15 17:52:58","admin","2024-04-15 17:52:58","1","0"
"3345","10a6150300801006","10a5150300800001","工资","10a5150300800001","10a5150300800001","1","999","admin","2024-04-15 17:57:35","system_user","2024-04-15 17:57:35","0","0"
"3346","10a6150300802002","10a5150300800001","补贴","10a5150300800001","10a5150300800001","1","999","admin","2024-04-15 17:57:46","system_user","2024-04-15 17:57:46","0","0"
"3347","10a615030080300b","10a5150300800001","奖金","10a5150300800001","10a5150300800001","1","999","admin","2024-04-15 17:57:56","system_user","2024-04-15 17:57:56","0","0"
"3348","1066010001601002","106501000160000a","孤残","106501000160000a","106501000160000a","1","999","admin","2024-04-15 18:01:26","system_user","2024-04-15 18:01:26","0","0"
"3349","106601000160200b","106501000160000a","单亲","106501000160000a","106501000160000a","1","999","admin","2024-04-15 18:01:36","system_user","2024-04-15 18:01:36","0","0"
"3350","1066010001603007","106501000160000a","烈士子女","106501000160000a","106501000160000a","1","999","admin","2024-04-15 18:01:46","system_user","2024-04-15 18:01:46","0","0"
"3351","1011515060001004","101051506000000c","是否服从调剂","1010515060020001","1010515060020001","1","999","admin","2024-04-15 18:03:02","system_user","2024-04-22 23:42:33","0","0"
"3352","1066050000602006","1065050000600005","家庭状况","1065050000600005","1065050000600005","1","999","admin","2024-04-15 20:47:00","system_user","2024-04-15 20:47:00","0","0"
"3353","10a613020070100b","10a5130200700006","获取学分","10a5130200700006","10a5130200700006","1","999","admin","2024-04-15 20:47:31","system_user","2024-04-15 20:47:31","0","0"
"3354","10a6130200702007","10a5130200700006","取得薪酬","10a5130200700006","10a5130200700006","1","999","admin","2024-04-15 20:47:45","system_user","2024-04-15 20:47:45","0","0"
"3355","10a6130100201006","10a5130100200001","申请理由","10a5130100200001","10a5130100200001","1","999","admin","2024-04-15 20:47:56","system_user","2024-04-15 20:47:56","0","0"
"3356","1066030000601008","1065030000600003","课程类型","1065030000600003","1065030000600003","1","999","admin","2024-04-15 20:49:23","system_user","2024-04-15 20:49:23","0","0"
"3357","1066040000404004","106504000040000b","科目类型","106504000040000b","106504000040000b","1","999","admin","2024-04-15 20:49:39","system_user","2024-04-15 20:49:39","0","0"
"3358","10a6130200501005","10a5130200500000","报名费","10a5130200500000","10a5130200500000","1","999","admin","2024-04-15 20:50:25","system_user","2024-04-15 20:50:25","0","0"
"3359","10a6130200502001","10a5130200500000","入场费","10a5130200500000","10a5130200500000","1","999","admin","2024-04-15 20:50:38","system_user","2024-04-15 20:50:38","0","0"
"3360","1066050000701000","1065050000700008","员工人数","1065050000700008","1065050000700008","1","999","admin","2024-04-15 20:54:01","system_user","2024-04-15 20:54:01","0","0"
"3361","1066050000702009","1065050000700008","教职工人数","1065050000700008","1065050000700008","1","999","admin","2024-04-15 20:54:10","system_user","2024-04-15 20:54:10","0","0"
"3362","1066050000703005","1065050000700008","在校生人数","1065050000700008","1065050000700008","1","999","admin","2024-04-15 20:54:17","system_user","2024-04-15 20:54:17","0","0"
"3363","106605000020100b","1065050000200006","单位邮箱","1065050000200006","1065050000200006","1","999","admin","2024-04-15 20:54:32","admin","2024-04-15 20:54:32","1","0"
"3364","1066050000202007","1065050000200006","单位电话","1065050000200006","1065050000200006","1","999","admin","2024-04-15 20:54:52","admin","2024-04-15 20:54:52","1","0"
"3365","1066050000203003","1065050000200006","单位传真","1065050000200006","1065050000200006","1","999","admin","2024-04-15 20:55:01","admin","2024-04-15 20:55:01","1","0"
"3366","106605000020400c","1065050000200006","单位邮编","1065050000200006","1065050000200006","1","999","admin","2024-04-15 20:55:08","admin","2024-04-15 20:55:08","1","0"
"3367","1066030000a01007","1065030000a00002","开始受理","1065030000a00002","1065030000a00002","1","999","admin","2024-04-15 20:55:39","admin","2024-04-15 20:55:39","0","0"
"3368","1066030000a02003","1065030000a00002","处置中","1065030000a00002","1065030000a00002","1","999","admin","2024-04-15 20:55:48","admin","2024-04-15 20:55:48","0","0"
"3369","1066030000a0300c","1065030000a00002","已完成","1065030000a00002","1065030000a00002","1","999","admin","2024-04-15 20:55:57","admin","2024-04-15 20:55:57","0","0"
"3370","10a6150300401007","10a5150300400002","政治表现","10a5150300400002","10a5150300400002","1","999","admin","2024-04-15 20:59:32","system_user","2024-04-15 20:59:32","0","0"
"3371","10a6150300402003","10a5150300400002","学习情况","10a5150300400002","10a5150300400002","1","999","admin","2024-04-15 20:59:41","system_user","2024-04-15 20:59:41","0","0"
"3372","1066010001a01001","1065010001a00009","低保户","1065010001a00009","1065010001a00009","1","999","admin","2024-04-15 21:11:45","admin","2024-04-15 21:11:45","0","0"
"3373","1066010001e01000","1065010001e00008","退休","1065010001e00008","1065010001e00008","1","1","admin","2024-04-15 21:18:35","qidekang","2024-04-15 21:18:35","0","0"
"3374","1066010001e02009","1065010001e00008","下岗","1065010001e00008","1065010001e00008","1","2","admin","2024-04-15 21:18:53","qidekang","2024-04-15 21:18:53","0","0"
"3375","1066010001e03005","1065010001e00008","在职","1065010001e00008","1065010001e00008","1","0","admin","2024-04-15 21:19:04","qidekang","2024-04-15 21:19:04","0","0"
"3376","1066010002001006","1065010002000001","手机号码","1065010002000001","1065010002000001","1","0","admin","2024-04-15 21:25:53","qidekang","2024-04-15 21:25:53","0","0"
"3377","1066010002002002","1065010002000001","微信号","1065010002000001","1065010002000001","1","3","admin","2024-04-15 21:26:00","qidekang","2024-04-15 21:26:00","0","0"
"3378","106601000200300b","1065010002000001","邮箱","1065010002000001","1065010002000001","1","2","admin","2024-04-15 21:26:08","qidekang","2024-04-15 21:26:08","0","0"
"3379","1066010002101009","1065010002100004","工作年限","1065010002100004","1065010002100004","1","999","admin","2024-04-15 21:27:16","system_user","2024-04-15 21:27:16","0","0"
"3380","1066010002102005","1065010002100004","接害工龄","1065010002100004","1065010002100004","1","999","admin","2024-04-15 21:27:26","system_user","2024-04-15 21:27:26","0","0"
"3381","1066050001501003","106505000150000b","经营方式","106505000150000b","106505000150000b","1","999","admin","2024-04-15 21:29:57","system_user","2024-04-15 21:29:57","0","0"
"3382","10a6150301001004","10a515030100000c","毕业类别","10a515030100000c","10a515030100000c","1","999","admin","2024-04-15 21:35:19","system_user","2024-04-15 21:35:19","0","0"
"3383","10a6150300301004","10a515030030000c","毕业时间","10a515030030000c","10a515030030000c","1","999","admin","2024-04-18 18:03:14","system_user","2024-04-18 18:03:14","0","0"
"3384","10a6150600601009","10a5150600600004","入党申请时间","10a5150600600004","10a5150600600004","1","999","admin","2024-04-18 18:17:05","system_user","2024-04-28 13:42:46","1","0"
"3385","10a6150600602005","10a5150600600004","成为积极分子时间","10a5150600600004","10a5150600600004","1","999","admin","2024-04-18 18:17:51","system_user","2024-04-28 13:42:46","1","0"
"3386","1066050001900006","106505000190000a","单位电话","106505000190000a","106505000190000a","1","999","admin","2024-05-07 09:00:45","system_user","2024-06-03 07:01:56","1","0"
"3387","1066050001901002","106505000190000a","单位邮箱","106505000190000a","106505000190000a","1","999","admin","2024-05-07 09:01:00","system_user","2024-06-03 07:01:56","1","0"
"3388","106605000190200b","106505000190000a","单位传真","106505000190000a","106505000190000a","1","999","admin","2024-05-07 09:01:15","system_user","2024-06-03 07:01:56","1","0"
"3389","1066050001903007","106505000190000a","单位邮编","106505000190000a","106505000190000a","1","999","admin","2024-05-07 09:01:43","system_user","2024-06-03 07:01:56","1","0"
"3390","1066020001500004","1065020001500008","长度","1065020001500008","1065020001500008","1","999","admin","2024-05-07 09:03:01","system_user","2024-05-07 09:03:01","0","0"
"3391","1066020001501000","1065020001500008","宽度","1065020001500008","1065020001500008","1","999","admin","2024-05-07 09:03:23","system_user","2024-05-07 09:03:23","0","0"
"3392","1066020001502009","1065020001500008","高度","1065020001500008","1065020001500008","1","999","admin","2024-05-07 09:03:31","system_user","2024-05-07 09:03:31","0","0"
"3393","1066040001800002","1065040001800006","长度","1065040001800006","1065040001800006","1","999","admin","2024-05-07 09:04:34","system_user","2024-05-07 09:04:34","0","0"
"3394","106604000180100b","1065040001800006","宽度","1065040001800006","1065040001800006","1","999","admin","2024-05-07 09:04:44","system_user","2024-05-07 09:04:44","0","0"
"3395","1066040001802007","1065040001800006","高度","1065040001800006","1065040001800006","1","999","admin","2024-05-07 09:04:51","system_user","2024-05-07 09:04:51","0","0"
"3396","1066020001503005","1065020001500008","面积","1065020001500008","1065020001500008","1","999","admin","2024-05-07 09:05:51","system_user","2024-05-07 09:05:51","0","0"
"3397","1066010001402005","1065010001400004","外语水平","1065010001400004","1065010001400004","1","999","admin","2024-05-14 14:10:02","admin","2024-05-14 14:10:02","1","0"
"3398","1066010000207009","1065010000200002","出生证号","1065010000200002","1065010000200002","1","999","admin","2024-05-14 14:11:35","qidekang","2024-05-14 14:11:35","1","0"
"3399","1066040000200001","1065040000200005","社保卡号","1065040000200005","1065040000200005","1","1","admin","2024-05-14 14:15:34","qidekang","2024-05-14 14:15:34","1","0"
"3400","106604000020100a","1065040000200005","账户编号","1065040000200005","1065040000200005","1","2","admin","2024-05-14 14:15:56","qidekang","2024-05-14 14:15:56","0","0"
"3401","1066040000202006","1065040000200005","项目代码","1065040000200005","1065040000200005","1","3","admin","2024-05-14 14:16:19","qidekang","2024-05-14 14:16:19","0","0"
"3402","1066050001100008","106505000110000c","应纳税额","106505000110000c","106505000110000c","1","999","admin","2024-05-14 14:28:51","system_user","2024-06-03 07:01:56","1","0"
"3403","1066050001101004","106505000110000c","减免税额","106505000110000c","106505000110000c","1","999","admin","2024-05-14 14:29:02","system_user","2024-06-03 07:01:56","1","0"
"3404","1066050001102000","106505000110000c","已缴税额","106505000110000c","106505000110000c","1","999","admin","2024-05-14 14:29:26","system_user","2024-06-03 07:01:56","1","0"
"3405","1066050001103009","106505000110000c","应补税额","106505000110000c","106505000110000c","1","999","admin","2024-05-14 14:30:05","system_user","2024-06-03 07:01:56","1","0"
"3406","1066010002400009","1065010002400000","外语水平","1065010002400000","1065010002400000","1","999","admin","2024-05-14 15:00:23","admin","2024-05-14 15:00:23","1","0"
"3407","1066010002401005","1065010002400000","技能","1065010002400000","1065010002400000","1","999","admin","2024-05-14 15:00:40","admin","2024-05-14 15:00:40","1","0"
"3408","1066010002402001","1065010002400000","计算机水平","1065010002400000","1065010002400000","1","999","admin","2024-05-14 15:00:53","admin","2024-05-14 15:00:53","1","0"
"3409","106601000240300a","1065010002400000","劳动能力","1065010002400000","1065010002400000","1","999","admin","2024-05-14 15:01:05","system_user","2024-05-14 15:01:05","0","0"
"3410","1066010002501008","1065010002500003","个人简介","1065010002500003","1065010002500003","1","999","admin","2024-05-20 08:16:05","system_user","2024-05-20 08:16:05","0","0"
"3411","1066010002502004","1065010002500003","教育经历","1065010002500003","1065010002500003","1","999","admin","2024-05-20 08:16:17","system_user","2024-05-20 08:16:17","0","0"
"3412","1066010002503000","1065010002500003","工作经历","1065010002500003","1065010002500003","1","999","admin","2024-05-20 08:16:26","system_user","2024-05-20 08:16:26","0","0"
"3413","1066010001801008","1065010001800003","咳嗽","1065010001800003","1065010001800003","1","999","admin","2024-05-20 08:17:18","system_user","2024-05-20 08:17:18","0","0"
"3414","1066010001802004","1065010001800003","腹泻","1065010001800003","1065010001800003","1","999","admin","2024-05-20 08:17:25","system_user","2024-05-20 08:17:25","0","0"
"3415","1066010001803000","1065010001800003","高血压","1065010001800003","1065010001800003","1","999","admin","2024-05-20 08:17:30","system_user","2024-05-20 08:17:30","0","0"
"3416","1066010001804009","1065010001800003","癌症","1065010001800003","1065010001800003","1","999","admin","2024-05-20 08:17:40","system_user","2024-05-20 08:17:40","0","0"
"3417","106601000260100b","1065010002600006","呼吸频率","1065010002600006","1065010002600006","1","999","admin","2024-05-20 08:23:54","system_user","2024-05-20 08:23:54","0","0"
"3418","1066010002602007","1065010002600006","体温","1065010002600006","1065010002600006","1","999","admin","2024-05-20 08:24:05","system_user","2024-05-20 08:24:05","0","0"
"3419","1066010002603003","1065010002600006","脉搏","1065010002600006","1065010002600006","1","999","admin","2024-05-20 08:24:18","system_user","2024-05-20 08:24:18","0","0"
"3420","106601000260400c","1065010002600006","血压","1065010002600006","1065010002600006","1","999","admin","2024-05-20 08:24:22","system_user","2024-05-20 08:24:22","0","0"
"3421","1066010001205000","106501000120000b","健康","106501000120000b","106501000120000b","1","999","admin","2024-05-20 08:44:35","system_user","2024-05-20 08:44:35","0","0"
"3422","1066010001206009","106501000120000b","亚健康","106501000120000b","106501000120000b","1","999","admin","2024-05-20 08:48:37","system_user","2024-05-20 08:48:37","0","0"
"3423","1066010001207005","106501000120000b","慢性疾病","106501000120000b","106501000120000b","1","999","admin","2024-05-20 08:50:34","system_user","2024-05-20 08:50:34","0","0"
"3424","1066010001208001","106501000120000b","急性疾病","106501000120000b","106501000120000b","1","999","admin","2024-05-20 08:50:40","system_user","2024-05-20 08:50:40","0","0"
"3425","1066010001a0200a","1065010001a00009","高净值人群","1065010001a00009","1065010001a00009","1","999","admin","2024-05-22 10:22:10","system_user","2024-05-22 10:22:10","0","0"
"3426","1066030000602004","1065030000600003","事件分类","1065030000600003","1065030000600003","1","999","admin","2024-05-22 10:28:16","system_user","2024-05-22 10:28:16","0","0"
"3427","106605000150200c","106505000150000b","所属行业","106505000150000b","106505000150000b","1","999","admin","2024-05-22 10:30:31","system_user","2024-05-22 10:30:31","0","0"
"3428","10a6150800401009","10a5150800400004","是否接受调剂","10a5150800400004","10a5150800400004","1","999","admin","2024-05-22 11:00:52","system_user","2024-05-22 11:00:52","0","0"
"3429","10a6150800402005","10a5150800400004","是否被调剂","10a5150800400004","10a5150800400004","1","999","admin","2024-05-22 11:01:09","system_user","2024-05-22 11:01:09","0","0"
"3430","1066040000203002","1065040000200005","车牌号","1065040000200005","1065040000200005","1","3","admin","2024-06-03 07:40:35","qidekang","2024-06-03 07:40:35","1","0"
"3431","106604000020400b","1065040000200005","车架号","1065040000200005","1065040000200005","1","4","admin","2024-06-03 07:40:43","qidekang","2024-06-03 07:40:43","1","0"
"3432","1066010002404006","1065010002400000","自理能力","1065010002400000","1065010002400000","1","999","admin","2024-06-04 14:48:05","system_user","2024-06-04 14:48:05","0","0"
"3433","1066010000101004","106501000010000c","身份证号","106501000010000c","106501000010000c","1","0","qidekang","2024-06-25 03:48:17","qidekang","2024-06-25 03:48:17","0","0"
"3434","1066010000102000","106501000010000c","护照号","106501000010000c","106501000010000c","1","1","qidekang","2024-06-25 03:48:41","qidekang","2024-06-25 03:48:41","0","0"
"3435","1066010000103009","106501000010000c","军官证号","106501000010000c","106501000010000c","1","2","qidekang","2024-06-25 03:48:57","qidekang","2024-06-25 03:48:57","0","0"
"3436","1066010000104005","106501000010000c","警官证号","106501000010000c","106501000010000c","1","3","qidekang","2024-06-25 03:49:08","qidekang","2024-06-25 03:49:08","0","0"
"3437","1066010000105001","106501000010000c","港澳居民来往内地通行证号","106501000010000c","106501000010000c","1","4","qidekang","2024-06-25 03:49:23","qidekang","2024-06-25 03:49:23","0","0"
"3438","106601000010600a","106501000010000c","台湾居民来往内地通行证号","106501000010000c","106501000010000c","1","5","qidekang","2024-06-25 03:49:37","qidekang","2024-06-25 03:49:37","0","0"
"3439","1066010000107006","106501000010000c","外国人永久居留身份证号","106501000010000c","106501000010000c","1","7","qidekang","2024-06-25 03:49:45","qidekang","2024-06-25 03:49:45","0","0"
"3440","1066010000108002","106501000010000c","出生证号","106501000010000c","106501000010000c","1","8","qidekang","2024-06-25 03:50:31","qidekang","2024-06-25 03:50:31","0","0"
"3441","106604000010300c","1065040000100002","物件编码","1065040000100002","1065040000100002","1","0","qidekang","2024-06-25 04:04:44","qidekang","2024-06-25 04:04:44","0","0"
"3442","1066040000104008","1065040000100002","电话号码","1065040000100002","1065040000100002","1","3","qidekang","2024-06-25 04:04:55","qidekang","2024-06-25 04:04:55","0","0"
"3443","1066040000105004","1065040000100002","身份证号","1065040000100002","1065040000100002","1","4","qidekang","2024-06-25 04:09:55","qidekang","2024-06-25 04:09:55","0","0"
"3444","1066040000106000","1065040000100002","护照号","1065040000100002","1065040000100002","1","5","qidekang","2024-06-25 04:10:01","qidekang","2024-06-25 04:10:01","0","0"
"3445","1066040000107009","1065040000100002","军官证号","1065040000100002","1065040000100002","1","6","qidekang","2024-06-25 04:10:08","qidekang","2024-06-25 04:10:08","0","0"
"3446","1066040000108005","1065040000100002","警官证号","1065040000100002","1065040000100002","1","7","qidekang","2024-06-25 04:10:14","qidekang","2024-06-25 04:10:14","0","0"
"3447","1066040000109001","1065040000100002","港澳居民来往内地通行证号","1065040000100002","1065040000100002","1","8","qidekang","2024-06-25 04:10:21","qidekang","2024-06-25 04:10:21","0","0"
"3448","106604000010a00a","1065040000100002","台湾居民来往内地通行证号","1065040000100002","1065040000100002","1","9","qidekang","2024-06-25 04:10:28","qidekang","2024-06-25 04:10:28","0","0"
"3449","106604000010b006","1065040000100002","外国人永久居留身份证号","1065040000100002","1065040000100002","1","11","qidekang","2024-06-25 04:10:34","qidekang","2024-06-25 04:10:34","0","0"
"3450","106604000010c002","1065040000100002","出生证号","1065040000100002","1065040000100002","1","12","qidekang","2024-06-25 04:10:42","qidekang","2024-06-25 04:10:42","0","0"
"3451","1066040000205007","1065040000200005","银行卡号","1065040000200005","1065040000200005","1","0","qidekang","2024-06-25 04:18:38","qidekang","2024-06-25 04:18:38","1","0"
"3452","106604000010d00b","1065040000100002","车牌号","1065040000100002","1065040000100002","1","1","qidekang","2024-06-25 04:26:01","qidekang","2024-06-25 04:26:01","0","0"
"3453","106604000010e007","1065040000100002","车架号","1065040000100002","1065040000100002","1","2","qidekang","2024-06-25 04:26:07","qidekang","2024-06-25 04:26:07","0","0"
"3454","106601000010900b","106501000010000c","港澳台居民居住证号","106501000010000c","106501000010000c","1","6","qidekang","2024-06-25 05:59:54","qidekang","2024-06-25 05:59:54","0","0"
"3455","106601000010a007","106501000010000c","驾驶证号","106501000010000c","106501000010000c","1","9","qidekang","2024-06-25 06:01:09","qidekang","2024-06-25 06:01:09","0","0"
"3456","106601000010b003","106501000010000c","学生证号","106501000010000c","106501000010000c","1","11","qidekang","2024-06-25 06:25:06","qidekang","2024-06-25 06:25:06","0","0"
"3457","106601000010c00c","106501000010000c","工作证号","106501000010000c","106501000010000c","1","12","qidekang","2024-06-25 06:25:16","qidekang","2024-06-25 06:25:16","0","0"
"3458","106604000010f003","1065040000100002","银行卡号","1065040000100002","1065040000100002","1","20","qidekang","2024-06-25 06:28:04","qidekang","2024-06-25 06:28:04","0","0"
"3459","1066010000305007","1065010000300005","英文名","1065010000300005","1065010000300005","1","999","qidekang","2024-06-27 07:09:38","system_user","2024-06-27 07:09:38","0","0"
"3460","1066010002004007","1065010002000001","座机号码","1065010002000001","1065010002000001","1","1","qidekang","2024-07-01 09:13:19","qidekang","2024-07-01 09:13:19","0","0"
"3461","106601000010d008","106501000010000c","社保卡号","106501000010000c","106501000010000c","1","13","qidekang","2024-07-05 16:44:06","qidekang","2024-07-05 16:44:06","0","0"
"3462","106601000010e004","106501000010000c","残疾人证号","106501000010000c","106501000010000c","1","15","qidekang","2024-07-05 16:44:13","qidekang","2024-07-05 16:44:13","0","0"
"3463","106601000010f000","106501000010000c","学生教育ID号","106501000010000c","106501000010000c","1","10","qidekang","2024-07-05 16:44:22","qidekang","2024-07-05 16:44:22","0","0"
"3464","1066010000110009","106501000010000c","养老助残卡号","106501000010000c","106501000010000c","1","14","qidekang","2024-07-05 16:44:32","qidekang","2024-07-05 16:44:32","0","0"
"3465","106604000011000c","1065040000100002","社保卡号","1065040000100002","1065040000100002","1","17","qidekang","2024-07-05 16:44:42","qidekang","2024-07-05 16:44:42","0","0"
"3466","1066040000111008","1065040000100002","残疾人证号","1065040000100002","1065040000100002","1","19","qidekang","2024-07-05 16:44:47","qidekang","2024-07-05 16:44:47","0","0"
"3467","1066040000112004","1065040000100002","学生教育ID号","1065040000100002","1065040000100002","1","14","qidekang","2024-07-05 16:44:52","qidekang","2024-07-05 16:44:52","0","0"
"3468","1066040000113000","1065040000100002","养老助残卡号","1065040000100002","1065040000100002","1","18","qidekang","2024-07-05 16:44:58","qidekang","2024-07-05 16:44:58","0","0"
"3469","1066040000114009","1065040000100002","港澳台居民居住证号","1065040000100002","1065040000100002","1","10","qidekang","2024-07-30 14:02:04","qidekang","2024-07-30 14:02:04","0","0"
"3470","1066040000115005","1065040000100002","驾驶证号","1065040000100002","1065040000100002","1","13","qidekang","2024-07-30 14:03:20","qidekang","2024-07-30 14:03:20","0","0"
"3471","1066040000116001","1065040000100002","学生证号","1065040000100002","1065040000100002","1","15","qidekang","2024-07-30 14:08:05","qidekang","2024-07-30 14:08:05","0","0"
"3472","106604000011700a","1065040000100002","工作证号","1065040000100002","1065040000100002","1","16","qidekang","2024-07-30 14:08:10","qidekang","2024-07-30 14:08:10","0","0"
"3473","1066020001701006","105102000000000c","经度","1065020001700001","1065020001700001","1","999","qidekang","2024-11-06 17:58:00","system_user","2024-11-06 17:58:00","0","0"
"3474","1066020001702002","105102000000000c","纬度","1065020001700001","1065020001700001","1","999","qidekang","2024-11-06 17:58:05","system_user","2024-11-06 17:58:05","0","0"
"3475","106602000170300b","105102000000000c","海拔","1065020001700001","1065020001700001","1","999","qidekang","2024-11-06 17:58:12","system_user","2024-11-06 17:58:12","0","0"
"3476","1066020001704007","105102000000000c","经纬度","1065020001700001","1065020001700001","1","999","qidekang","2024-11-06 17:58:25","system_user","2024-11-06 17:58:25","0","0"
"3477","1066020001705003","105102000000000c","经纬度序列","1065020001700001","1065020001700001","1","999","qidekang","2024-11-06 17:58:32","system_user","2024-11-06 17:58:32","0","0"
"3478","106602000170600c","105102000000000c","外包边界","1065020001700001","1065020001700001","1","999","qidekang","2024-11-06 17:58:38","system_user","2024-11-06 17:58:38","0","0"
"3743","1066010000306003","1055010000000008","姓氏","1065010000300005","1065010000300005","1","999","admin","2024-01-19 12:46:25","system_user","2024-12-05 22:00:24","0","0"
"3744","106601000030700c","1055010000000008","名称","1065010000300005","1065010000300005","1","999","admin","2024-01-19 12:46:25","system_user","2024-12-05 22:00:24","0","0"
"3745","106a010000305004","109501000000000c","数值","1069010000300002","1069010000300002","1","999","qidekang","2024-12-09 15:37:33","system_user","2024-12-09 15:37:33","0","0"
"3746","106a010000306000","109501000000000c","数据单位","1069010000300002","1069010000300002","1","999","qidekang","2024-12-09 15:37:41","system_user","2024-12-09 15:37:41","0","0"
"3747","106a020000301008","1095020000000000","数值","1069020000300003","1069020000300003","1","999","qidekang","2024-12-09 15:38:11","system_user","2024-12-09 15:38:11","0","0"
"3748","106a020000302004","1095020000000000","数据单位","1069020000300003","1069020000300003","1","999","qidekang","2024-12-09 15:38:14","system_user","2024-12-09 15:38:14","0","0"
"3749","106a030000303001","1095030000000001","数值","1069030000300004","1069030000300004","1","999","qidekang","2024-12-09 15:38:27","system_user","2024-12-09 15:38:27","0","0"
"3750","106a03000030400a","1095030000000001","数据单位","1069030000300004","1069030000300004","1","999","qidekang","2024-12-09 15:38:30","system_user","2024-12-09 15:38:30","0","0"
"3751","106a04000030100a","1095040000000002","数值","1069040000300005","1069040000300005","1","999","qidekang","2024-12-09 15:38:41","system_user","2024-12-09 15:38:41","0","0"
"3752","106a040000302006","1095040000000002","数据单位","1069040000300005","1069040000300005","1","999","qidekang","2024-12-09 15:38:44","system_user","2024-12-09 15:38:44","0","0"
"3753","106a05000030100b","1095050000000003","数值","1069050000300006","1069050000300006","1","999","qidekang","2024-12-09 15:38:52","system_user","2024-12-09 15:38:52","0","0"
"3754","106a050000302007","1095050000000003","数据单位","1069050000300006","1069050000300006","1","999","qidekang","2024-12-09 15:38:58","system_user","2024-12-09 15:38:58","0","0"
"3755","1066020000202004","105102000000000c","备案号","1065020000200003","1065020000200003","1","999","qidekang","2024-12-10 17:52:01","system_user","2024-12-10 17:52:01","0","0"
"3756","1066030000401002","1051030000000000","统计时间","106503000040000a","106503000040000a","1","999","qidekang","2024-12-10 17:56:47","system_user","2024-12-10 17:56:47","0","0"
"3757","1066050001a01005","1051050000000002","收入额","1065050001a00000","1065050001a00000","1","0","qidekang","2024-12-10 20:50:32","guochengjie","2024-12-10 20:50:32","0","0"
"3758","1066050001a02001","1051050000000002","支出额","1065050001a00000","1065050001a00000","1","2","qidekang","2024-12-10 20:50:42","guochengjie","2025-02-14 11:45:57","0","0"
"3759","1066050001a0300a","1051050000000002","利润","1065050001a00000","1065050001a00000","1","4","qidekang","2024-12-10 20:50:47","guochengjie","2025-02-14 11:46:00","0","0"
"3760","1066050001a04006","1051050000000002","税额","1065050001a00000","1065050001a00000","1","5","qidekang","2024-12-10 20:50:58","guochengjie","2025-02-14 11:46:03","0","0"
"3761","1066050000b0100c","1051050000000002","法定代表人","1065050000b00007","1065050000b00007","1","999","qidekang","2024-12-11 11:23:09","system_user","2024-12-11 11:23:09","0","0"
"3762","10a6150301101007","1095150300000002","入学时间","10a5150301100002","10a5150301100002","1","999","qidekang","2025-02-12 12:27:59","system_user","2025-02-12 12:27:59","0","0"
"3763","10a6520800401005","1095520800000000","GDP","10a5520800400000","10a5520800400000","1","999","guochengjie","2025-02-13 10:56:22","system_user","2025-02-13 10:56:22","0","0"
"3764","10a6520800402001","1095520800000000","GDP增长率","10a5520800400000","10a5520800400000","1","999","guochengjie","2025-02-13 10:56:34","system_user","2025-02-13 10:56:34","0","0"
"3765","10a652080040300a","1095520800000000","CPI","10a5520800400000","10a5520800400000","1","999","guochengjie","2025-02-13 10:56:39","system_user","2025-02-13 10:56:39","0","0"
"3766","10a6520800404006","1095520800000000","CPI涨跌幅","10a5520800400000","10a5520800400000","1","999","guochengjie","2025-02-13 10:57:55","system_user","2025-02-13 10:57:55","0","0"
"3767","10a6520800901007","1095520800000000","税收贡献","10a5520800900002","10a5520800900002","1","999","guochengjie","2025-02-13 11:17:56","system_user","2025-02-13 11:17:56","0","0"
"3768","10a6520800902003","1095520800000000","环境影响","10a5520800900002","10a5520800900002","1","999","guochengjie","2025-02-13 11:18:12","system_user","2025-02-13 11:18:12","0","0"
"3769","10a652080090300c","1095520800000000","工作岗位","10a5520800900002","10a5520800900002","1","999","guochengjie","2025-02-13 11:18:20","system_user","2025-02-13 11:18:20","0","0"
"3770","1066040000f0100a","1051040000000001","起始日期","1065040000f00005","1065040000f00005","1","999","guochengjie","2025-02-14 11:40:05","system_user","2025-02-14 11:40:05","0","0"
"3771","1066040000f02006","1051040000000001","结束日期","1065040000f00005","1065040000f00005","1","999","guochengjie","2025-02-14 11:40:15","system_user","2025-02-14 11:40:15","0","0"
"3772","1066040000f03002","1051040000000001","持续时间","1065040000f00005","1065040000f00005","1","999","guochengjie","2025-02-14 11:40:18","system_user","2025-02-14 11:40:18","0","0"
"3773","1066050000b02008","1051050000000002","负责人","1065050000b00007","1065050000b00007","1","999","guochengjie","2025-02-14 11:40:30","system_user","2025-02-14 11:40:30","0","0"
"3774","1066030001601004","1051030000000000","频率","106503000160000c","106503000160000c","1","999","guochengjie","2025-02-14 11:40:52","system_user","2025-02-14 11:40:52","0","0"
"3775","1066030001602000","1051030000000000","次数","106503000160000c","106503000160000c","1","999","guochengjie","2025-02-14 11:40:57","system_user","2025-02-14 11:40:57","0","0"
"3776","1066050001a05002","1051050000000002","支出项目","1065050001a00000","1065050001a00000","1","3","guochengjie","2025-02-14 11:41:44","guochengjie","2025-02-14 11:46:05","0","0"
"3777","1066050001a0600b","1051050000000002","收入项目","1065050001a00000","1065050001a00000","1","1","guochengjie","2025-02-14 11:41:49","guochengjie","2025-02-14 11:46:09","0","0"
"3778","1066030000801001","1051030000000000","成功率","1065030000800009","1065030000800009","1","999","guochengjie","2025-02-14 11:46:39","system_user","2025-02-14 11:46:39","0","0"
"3779","106603000080200a","1051030000000000","成功数","1065030000800009","1065030000800009","1","999","guochengjie","2025-02-14 11:46:46","system_user","2025-02-14 11:46:46","0","0"
"3780","1066030000803006","1051030000000000","失败率","1065030000800009","1065030000800009","1","999","guochengjie","2025-02-14 11:46:51","system_user","2025-02-14 11:46:51","0","0"
"3781","1066030000804002","1051030000000000","失败数","1065030000800009","1065030000800009","1","999","guochengjie","2025-02-14 11:46:56","system_user","2025-02-14 11:46:56","0","0"
